experiment,background,x,s,tail_count,fitted_tail_count,requested_x_max
GHI,R,0.01,-0.01,477,454.5499172830567,0.2
GHI,R,0.010307224065220867,-0.010307224065220867,462,438.6245597745958,0.2
GHI,R,0.010623886793066825,-0.010623886793066825,447,423.2571542140486,0.2
GHI,R,0.010950278161968051,-0.010950278161968051,430,408.42815250800453,0.2
GHI,R,0.011286697059189969,-0.011286697059189969,406,394.1186914391558,0.2
GHI,R,0.011633451554534045,-0.011633451554534045,397,380.3105686713611,0.2
GHI,R,0.011990859182447447,-0.011990859182447447,384,366.9862195953803,0.2
GHI,R,0.012359247232799695,-0.012359247232799695,362,354.1286949858319,0.2
GHI,R,0.01273895305059275,-0.01273895305059275,348,341.72163944094586,0.2
GHI,R,0.013130324344878838,-0.013130324344878838,337,329.7492705776914,0.2
GHI,R,0.013533719507169063,-0.013533719507169063,323,318.19635895581126,0.2
GHI,R,0.013949507939624208,-0.013949507939624208,305,307.0482087052277,0.2
GHI,R,0.014378070393328427,-0.014378070393328427,293,296.29063883217344,0.2
GHI,R,0.014819799316955443,-0.014819799316955443,284,285.9099651802755,0.2
GHI,R,0.0152750992161467,-0.0152750992161467,274,275.8929830236332,0.2
GHI,R,0.015744387023930367,-0.015744387023930367,263,266.2269502697626,0.2
GHI,R,0.01622809248252063,-0.01622809248252063,254,256.8995712510285,0.2
GHI,R,0.01672665853684665,-0.01672665853684665,248,247.89898108395278,0.2
GHI,R,0.017240541740171793,-0.017240541740171793,242,239.2137305765001,0.2
GHI,R,0.01777021267217436,-0.01777021267217436,233,230.83277166414547,0.2
GHI,R,0.018316156369872844,-0.018316156369872844,227,222.7454433561934,0.2
GHI,R,0.01887887277179019,-0.01887887277179019,219,214.94145817447546,0.2
GHI,R,0.01945887717576389,-0.01945887717576389,212,207.41088906717337,0.2
GHI,R,0.020056700710821065,-0.020056700710821065,206,200.1441567811227,0.2
GHI,R,0.020672890823550744,-0.020672890823550744,201,193.13201767653217,0.2
GHI,R,0.02130801177941859,-0.02130801177941859,194,186.36555196862193,0.2
GHI,R,0.0219626451794833,-0.0219626451794833,179,179.83615238121914,0.2
GHI,R,0.022637390492987748,-0.022637390492987748,172,173.5355131978802,0.2
GHI,R,0.02333286560631255,-0.02333286560631255,161,167.45561969661355,0.2
GHI,R,0.0240497073887949,-0.0240497073887949,156,161.58873795475904,0.2
GHI,R,0.02478857227593069,-0.02478857227593069,146,155.92740501105936,0.2
GHI,R,0.025550136870493977,-0.025550136870493977,143,150.46441937240743,0.2
GHI,R,0.02633509856212426,-0.02633509856212426,136,145.1928318531945,0.2
GHI,R,0.027144176165949066,-0.027144176165949066,133,140.10593673560467,0.2
GHI,R,0.02797811058082649,-0.02797811058082649,129,135.19726323961342,0.2
GHI,R,0.028837665467810556,-0.028837665467810556,127,130.4605672918378,0.2
GHI,R,0.02972362794946059,-0.02972362794946059,122,125.88982358276918,0.2
GHI,R,0.030636809330635176,-0.030636809330635176,117,121.4792179022841,0.2
GHI,R,0.03157804584143061,-0.03157804584143061,111,117.22313974368346,0.2
GHI,R,0.03254819940294415,-0.03254819940294415,107,113.11617516685357,0.2
GHI,R,0.03354815841656336,-0.03354815841656336,103,109.15309991146836,0.2
GHI,R,0.034578838577504385,-0.034578838577504385,101,105.32887275147428,0.2
GHI,R,0.03564118371334409,-0.03564118371334409,98,101.63862908240357,0.2
GHI,R,0.03673616664831385,-0.03673616664831385,97,98.07767473335844,0.2
GHI,R,0.03786479009414649,-0.03786479009414649,94,94.64147999579636,0.2
GHI,R,0.03902808756829234,-0.03902808756829234,88,91.32567386151786,0.2
GHI,R,0.04022712434034502,-0.04022712434034502,86,88.1260384625302,0.2
GHI,R,0.04146299840754365,-0.04146299840754365,84,85.03850370571216,0.2
GHI,R,0.04273684150024484,-0.04273684150024484,82,82.05914209545647,0.2
GHI,R,0.04404982011828538,-0.04404982011828538,76,79.18416373770222,0.2
GHI,R,0.045403136599184137,-0.045403136599184137,72,76.40991151900437,0.2
GHI,R,0.0467980302191621,-0.0467980302191621,71,73.73285645450581,0.2
GHI,R,0.04823577832798813,-0.04823577832798813,68,71.14959319889536,0.2
GHI,R,0.04971769751868987,-0.04971769751868987,65,68.6568357146422,0.2
GHI,R,0.0512451448332012,-0.0512451448332012,64,66.25141309199441,0.2
GHI,R,0.052819519005050025,-0.052819519005050025,62,63.93026551542638,0.2
GHI,R,0.05444226174022428,-0.05444226174022428,60,61.6904403714037,0.2
GHI,R,0.05611485903738933,-0.05611485903738933,57,59.52908849251372,0.2
GHI,R,0.0578388425486656,-0.0578388425486656,57,57.44346053318498,0.2
GHI,R,0.059615790982212674,-0.059615790982212674,53,55.43090347238484,0.2
GHI,R,0.061447331547904,-0.061447331547904,52,53.48885723884648,0.2
GHI,R,0.06333514144741619,-0.06333514144741619,52,51.61485145453296,0.2
GHI,R,0.06528094941009757,-0.06528094941009757,51,49.8065022921951,0.2
GHI,R,0.06728653727602237,-0.06728653727602237,48,48.06150944302634,0.2
GHI,R,0.0693537416276799,-0.0693537416276799,47,46.377653190556984,0.2
GHI,R,0.0714844554717933,-0.0714844554717933,47,44.752791587066426,0.2
GHI,R,0.07368062997280773,-0.07368062997280773,47,43.18485772892019,0.2
GHI,R,0.07594427623963579,-0.07594427623963579,43,41.67185712736731,0.2
GHI,R,0.07827746716729557,-0.07827746716729557,42,40.21186517145286,0.2
GHI,R,0.08068233933512857,-0.08068233933512857,42,38.803024679818435,0.2
GHI,R,0.08316109496333533,-0.08316109496333533,42,37.44354353827655,0.2
GHI,R,0.08571600392962078,-0.08571600392962078,41,36.13169242015312,0.2
GHI,R,0.08834940584779542,-0.08834940584779542,39,34.865802586499534,0.2
GHI,R,0.09106371221023628,-0.09106371221023628,38,33.644263763374695,0.2
GHI,R,0.09386140859616947,-0.09386140859616947,35,32.46552209349766,0.2
GHI,R,0.09674505694779667,-0.09674505694779667,34,31.32807815966489,0.2
GHI,R,0.09971729791634937,-0.09971729791634937,32,30.230485077418216,0.2
GHI,R,0.10278085328021949,-0.10278085328021949,30,29.171346654536723,0.2
GHI,R,0.1059385284373814,-0.1059385284373814,28,28.149315615011837,0.2
GHI,R,0.10919321497438628,-0.10919321497438628,27,27.163091885246185,0.2
GHI,R,0.11254789331428304,-0.11254789331428304,25,26.211420940296144,0.2
GHI,R,0.1160056354458889,-0.1160056354458889,24,25.29309220805474,0.2
GHI,R,0.11956960773691055,-0.11956960773691055,23,24.406937529344468,0.2
GHI,R,0.12324307383349037,-0.12324307383349037,23,23.55182967196156,0.2
GHI,R,0.12702939764883447,-0.12702939764883447,22,22.726680896781364,0.2
GHI,R,0.1309320464436578,-0.1309320464436578,22,21.930441574100833,0.2
GHI,R,0.13495459400126866,-0.13495459400126866,21,21.162098848458,0.2
GHI,R,0.1391007239001988,-0.1391007239001988,21,20.420675350230375,0.2
GHI,R,0.14337423288737733,-0.14337423288737733,18,19.705227952372574,0.2
GHI,R,0.14777903435493567,-0.14777903435493567,17,19.014846570712717,0.2
GHI,R,0.15231916192382952,-0.15231916192382952,17,18.34865300628055,0.2
GHI,R,0.15699877313755697,-0.15699877313755697,17,17.70579982819549,0.2
GHI,R,0.16182215326935795,-0.16182215326935795,17,17.08546929569277,0.2
GHI,R,0.1667937192463786,-0.1667937192463786,17,16.48687231791726,0.2
GHI,R,0.17191802369439674,-0.17191802369439674,16,15.909247450161129,0.2
GHI,R,0.17719975910680974,-0.17719975910680974,16,15.351859925268865,0.2
GHI,R,0.18264376214170497,-0.18264376214170497,15,14.814000718977377,0.2
GHI,R,0.18825501805094585,-0.18825501805094585,15,14.29498564800244,0.2
GHI,R,0.19403866524532978,-0.19403866524532978,14,13.794154499723971,0.2
GHI,R,0.2,-0.2,14,13.310870192363158,0.2
GHI,S,0.01,-0.01,331,405.2894136675318,0.15
GHI,S,0.010277315989582517,-0.010277315989582517,317,389.8118659895279,0.15
GHI,S,0.01056232239497285,-0.01056232239497285,304,374.9253884802631,0.15
GHI,S,0.010855232483697998,-0.010855232483697998,296,360.6074088336052,0.15
GHI,S,0.011156265437534502,-0.011156265437534502,288,346.8362167544499,0.15
GHI,S,0.011465646516520012,-0.011465646516520012,278,333.5909310394883,0.15
GHI,S,0.011783607227513227,-0.011783607227513227,270,320.8514679151218,0.15
GHI,S,0.012110385497428178,-0.012110385497428178,263,308.59851058451716,0.15
GHI,S,0.01244622585127269,-0.01244622585127269,253,296.81347993762444,0.15
GHI,S,0.012791379595124008,-0.012791379595124008,248,285.4785063797472,0.15
GHI,S,0.013146105004178756,-0.013146105004178756,240,274.57640273594797,0.15
GHI,S,0.013510667516017707,-0.013510667516017707,231,264.0906381902034,0.15
GHI,S,0.013885339929230195,-0.013885339929230195,225,254.00531321979452,0.15
GHI,S,0.014270402607546603,-0.014270402607546603,217,244.3051354869242,0.15
GHI,S,0.014666143689631882,-0.014666143689631882,213,234.97539665100663,0.15
GHI,S,0.015072859304696847,-0.015072859304696847,209,226.00195006646987,0.15
GHI,S,0.015490853794088858,-0.015490853794088858,199,217.3711893322523,0.15
GHI,S,0.01592043993902744,-0.01592043993902744,193,209.0700276604738,0.15
GHI,S,0.016361939194655492,-0.016361939194655492,187,201.08587803298974,0.15
GHI,S,0.016815681930580976,-0.016815681930580976,185,193.40663411574766,0.15
GHI,S,0.017282007678089375,-0.017282007678089375,182,186.02065190199934,0.15
GHI,S,0.017761265384211574,-0.017761265384211574,177,178.91673205654166,0.15
GHI,S,0.018253813672837616,-0.018253813672837616,173,172.08410293420906,0.15
GHI,S,0.018760021113071398,-0.018760021113071398,169,165.51240424687145,0.15
GHI,S,0.019280266495027436,-0.019280266495027436,159,159.19167135416956,0.15
GHI,S,0.019814939113275754,-0.019814939113275754,153,153.1123201541738,0.15
GHI,S,0.02036443905814729,-0.02036443905814729,144,147.26513255104504,0.15
GHI,S,0.020929177515117598,-0.020929177515117598,142,141.64124247767583,0.15
GHI,S,0.021509577072492906,-0.021509577072492906,140,136.23212245210715,0.15
GHI,S,0.022106072037628884,-0.022106072037628884,136,131.02957064734196,0.15
GHI,S,0.02271910876191863,-0.02271910876191863,132,126.02569845494779,0.15
GHI,S,0.023349145974793067,-0.023349145974793067,128,121.21291852359144,0.15
GHI,S,0.023996655126983717,-0.023996655126983717,124,116.58393325436859,0.15
GHI,S,0.0246621207433047,-0.0246621207433047,120,112.13172373548387,0.15
GHI,S,0.02534604078521801,-0.02534604078521801,117,107.84953909950303,0.15
GHI,S,0.026048927023453176,-0.026048927023453176,115,103.73088628703975,0.15
GHI,S,0.026771305420960356,-0.026771305420960356,113,99.76952020135572,0.15
GHI,S,0.027513716526483295,-0.027513716526483295,110,95.95943423894552,0.15
GHI,S,0.02827671587904675,-0.02827671587904675,108,92.294851181748,0.15
GHI,S,0.029060874423660916,-0.029060874423660916,104,88.77021443717284,0.15
GHI,S,0.02986677893855401,-0.02986677893855401,99,85.38017961266318,0.15
GHI,S,0.030695032474252742,-0.030695032474252742,93,82.11960641201298,0.15
GHI,S,0.03154625480483923,-0.03154625480483923,87,78.9835508411573,0.15
GHI,S,0.03242108289172187,-0.03242108289172187,85,75.96725771161374,0.15
GHI,S,0.033320171360267346,-0.033320171360267346,79,73.06615343020933,0.15
GHI,S,0.0342441929896505,-0.0342441929896505,74,70.27583906415954,0.15
GHI,S,0.035193839216288464,-0.035193839216288464,73,67.59208367098373,0.15
GHI,S,0.03616982065123578,-0.03616982065123578,70,65.01081788314461,0.15
GHI,S,0.037172867611927736,-0.037172867611927736,68,62.52812773768275,0.15
GHI,S,0.038203730668669916,-0.038203730668669916,65,60.14024874148909,0.15
GHI,S,0.039263181206282534,-0.039263181206282534,64,57.84356016322036,0.15
GHI,S,0.04035201200132032,-0.04035201200132032,64,55.634579543198086,0.15
GHI,S,0.04147103781529951,-0.04147103781529951,63,53.50995741296904,0.15
GHI,S,0.04262109600437591,-0.04262109600437591,59,51.466472216519726,0.15
GHI,S,0.043803047145930404,-0.043803047145930404,56,49.50102542544388,0.15
GHI,S,0.045017775682530736,-0.045017775682530736,52,47.61063684065612,0.15
GHI,S,0.046266190583751234,-0.046266190583751234,50,45.79244007352831,0.15
GHI,S,0.047549226026345884,-0.047549226026345884,49,44.0436781995959,0.15
GHI,S,0.048867842093283764,-0.048867842093283764,49,42.361699578244284,0.15
GHI,S,0.05022302549216988,-0.05022302549216988,49,40.74395383203682,0.15
GHI,S,0.05161579029358881,-0.05161579029358881,46,39.18798797958776,0.15
GHI,S,0.053047178689923855,-0.053047178689923855,44,37.691442716116626,0.15
GHI,S,0.05451826177521954,-0.05451826177521954,44,36.25204883604349,0.15
GHI,S,0.056030140346670906,-0.056030140346670906,41,34.86762379220188,0.15
GHI,S,0.057583945728339365,-0.057583945728339365,39,33.53606838645119,0.15
GHI,S,0.05918084061771143,-0.05918084061771143,36,32.25536358667097,0.15
GHI,S,0.06082201995573401,-0.06082201995573401,36,31.02356746531064,0.15
GHI,S,0.06250871182097721,-0.06250871182097721,34,29.838812254852495,0.15
GHI,S,0.0642421783485935,-0.0642421783485935,34,28.699301515723352,0.15
GHI,S,0.0660237166747612,-0.0660237166747612,32,27.6033074123604,0.15
GHI,S,0.06785465990731891,-0.06785465990731891,31,26.54916809330115,0.15
GHI,S,0.06973637812331723,-0.06973637812331723,30,25.53528517132455,0.15
GHI,S,0.0716702793942341,-0.0716702793942341,30,24.56012129982299,0.15
GHI,S,0.07365781083962088,-0.07365781083962088,29,23.622197841729864,0.15
GHI,S,0.07570045970996801,-0.07570045970996801,27,22.720092627467963,0.15
GHI,S,0.07779975449960012,-0.07779975449960012,25,21.85243779851953,0.15
GHI,S,0.07995726609043351,-0.07995726609043351,24,21.017917733347865,0.15
GHI,S,0.08217460892745167,-0.08217460892745167,22,20.21526705252568,0.15
GHI,S,0.08445344222677892,-0.08445344222677892,22,19.44326870004534,0.15
GHI,S,0.08679547121725582,-0.08679547121725582,20,18.700752097901695,0.15
GHI,S,0.08920244841644527,-0.08920244841644527,19,17.98659137114939,0.15
GHI,S,0.09167617494202426,-0.09167617494202426,19,17.299703640743207,0.15
GHI,S,0.09421850185954304,-0.09421850185954304,17,16.63904738157281,0.15
GHI,S,0.09683133156755919,-0.09683133156755919,17,16.003620843202555,0.15
GHI,S,0.09951661922118422,-0.09951661922118422,17,15.392460530921209,0.15
GHI,S,0.10227637419510718,-0.10227637419510718,16,14.804639744798806,0.15
GHI,S,0.10511266158719003,-0.10511266158719003,13,14.239267174535293,0.15
GHI,S,0.1080276037637604,-0.1080276037637604,13,13.695485547970275,0.15
GHI,S,0.11102338194775797,-0.11102338194775797,12,13.17247033120465,0.15
GHI,S,0.114102237850922,-0.114102237850922,11,12.66942847836326,0.15
GHI,S,0.11726647535124286,-0.11726647535124286,10,12.185597229102463,0.15
GHI,S,0.12051846221693123,-0.12051846221693123,10,11.720242952039827,0.15
GHI,S,0.12386063187819643,-0.12386063187819643,10,11.272660032351723,0.15
GHI,S,0.1272954852481582,-0.1272954852481582,10,10.842169801852432,0.15
GHI,S,0.13082559259425625,-0.13082559259425625,10,10.428119509932268,0.15
GHI,S,0.13445359546155577,-0.13445359546155577,7,10.029881333794496,0.15
GHI,S,0.13818220864939063,-0.13818220864939063,6,9.646851426490098,0.15
GHI,S,0.14201422224282106,-0.14201422224282106,6,9.278449001307065,0.15
GHI,S,0.14595250370042698,-0.14595250370042698,4,8.924115451125893,0.15
GHI,S,0.15,-0.15,4,8.583313501405774,0.15
GHI,L,0.01,-0.01,222,265.8524176780154,0.15
GHI,L,0.010277315989582517,-0.010277315989582517,212,257.0924838321886,0.15
GHI,L,0.01056232239497285,-0.01056232239497285,207,248.62119299233262,0.15
GHI,L,0.010855232483697998,-0.010855232483697998,203,240.42903426642937,0.15
GHI,L,0.011156265437534502,-0.011156265437534502,197,232.50681014981126,0.15
GHI,L,0.011465646516520012,-0.011465646516520012,189,224.8456261989344,0.15
GHI,L,0.011783607227513227,-0.011783607227513227,186,217.43688104540445,0.15
GHI,L,0.012110385497428178,-0.012110385497428178,183,210.27225673904397,0.15
GHI,L,0.01244622585127269,-0.01244622585127269,180,203.34370940915784,0.15
GHI,L,0.012791379595124008,-0.012791379595124008,177,196.64346023351678,0.15
GHI,L,0.013146105004178756,-0.013146105004178756,171,190.1639867049126,0.15
GHI,L,0.013510667516017707,-0.013510667516017707,168,183.8980141854852,0.15
GHI,L,0.013885339929230195,-0.013885339929230195,160,177.83850773933779,0.15
GHI,L,0.014270402607546603,-0.014270402607546603,155,171.97866423426956,0.15
GHI,L,0.014666143689631882,-0.014666143689631882,149,166.31190470376,0.15
GHI,L,0.015072859304696847,-0.015072859304696847,143,160.8318669606281,0.15
GHI,L,0.015490853794088858,-0.015490853794088858,138,155.5323984540738,0.15
GHI,L,0.01592043993902744,-0.01592043993902744,135,150.4075493620839,0.15
GHI,L,0.016361939194655492,-0.016361939194655492,134,145.4515659114441,0.15
GHI,L,0.016815681930580976,-0.016815681930580976,131,140.65888391786007,0.15
GHI,L,0.017282007678089375,-0.017282007678089375,128,136.0241225389335,0.15
GHI,L,0.017761265384211574,-0.017761265384211574,124,131.54207823297997,0.15
GHI,L,0.018253813672837616,-0.018253813672837616,124,127.20771891690606,0.15
GHI,L,0.018760021113071398,-0.018760021113071398,121,123.01617831658595,0.15
GHI,L,0.019280266495027436,-0.019280266495027436,117,118.96275050339639,0.15
GHI,L,0.019814939113275754,-0.019814939113275754,115,115.04288461077363,0.15
GHI,L,0.02036443905814729,-0.02036443905814729,115,111.25217972486202,0.15
GHI,L,0.020929177515117598,-0.020929177515117598,115,107.58637994351788,0.15
GHI,L,0.021509577072492906,-0.021509577072492906,110,104.0413695981214,0.15
GHI,L,0.022106072037628884,-0.022106072037628884,105,100.61316863283024,0.15
GHI,L,0.02271910876191863,-0.02271910876191863,104,97.29792813608934,0.15
GHI,L,0.023349145974793067,-0.023349145974793067,100,94.09192601937939,0.15
GHI,L,0.023996655126983717,-0.023996655126983717,98,90.99156283835131,0.15
GHI,L,0.0246621207433047,-0.0246621207433047,95,87.99335775165645,0.15
GHI,L,0.02534604078521801,-0.02534604078521801,91,85.09394461293424,0.15
GHI,L,0.026048927023453176,-0.026048927023453176,88,82.29006819157108,0.15
GHI,L,0.026771305420960356,-0.026771305420960356,83,79.5785805179859,0.15
GHI,L,0.027513716526483295,-0.027513716526483295,82,76.9564373493401,0.15
GHI,L,0.02827671587904675,-0.02827671587904675,79,74.42069475170382,0.15
GHI,L,0.029060874423660916,-0.029060874423660916,77,71.96850579484055,0.15
GHI,L,0.02986677893855401,-0.02986677893855401,77,69.59711735590088,0.15
GHI,L,0.030695032474252742,-0.030695032474252742,74,67.30386702843406,0.15
GHI,L,0.03154625480483923,-0.03154625480483923,72,65.08618013325042,0.15
GHI,L,0.03242108289172187,-0.03242108289172187,70,62.941566827775844,0.15
GHI,L,0.033320171360267346,-0.033320171360267346,70,60.867619310654526,0.15
GHI,L,0.0342441929896505,-0.0342441929896505,67,58.86200911846105,0.15
GHI,L,0.035193839216288464,-0.035193839216288464,67,56.92248451148655,0.15
GHI,L,0.03616982065123578,-0.03616982065123578,64,55.04686794566442,0.15
GHI,L,0.037172867611927736,-0.037172867611927736,61,53.23305362779723,0.15
GHI,L,0.038203730668669916,-0.038203730668669916,60,51.479005151338974,0.15
GHI,L,0.039263181206282534,-0.039263181206282534,59,49.782753210080045,0.15
GHI,L,0.04035201200132032,-0.04035201200132032,56,48.142393387166564,0.15
GHI,L,0.04147103781529951,-0.04147103781529951,52,46.55608401697256,0.15
GHI,L,0.04262109600437591,-0.04262109600437591,52,45.022044117424294,0.15
GHI,L,0.043803047145930404,-0.043803047145930404,49,43.53855139045502,0.15
GHI,L,0.045017775682530736,-0.045017775682530736,49,42.10394028834554,0.15
GHI,L,0.046266190583751234,-0.046266190583751234,45,40.71660014377984,0.15
GHI,L,0.047549226026345884,-0.047549226026345884,43,39.37497336151568,0.15
GHI,L,0.048867842093283764,-0.048867842093283764,43,38.07755366964053,0.15
GHI,L,0.05022302549216988,-0.05022302549216988,41,36.82288442844914,0.15
GHI,L,0.05161579029358881,-0.05161579029358881,41,35.609556995044244,0.15
GHI,L,0.053047178689923855,-0.053047178689923855,40,34.436209141824435,0.15
GHI,L,0.05451826177521954,-0.05451826177521954,40,33.30152352708312,0.15
GHI,L,0.056030140346670906,-0.056030140346670906,39,32.204226216002,0.15
GHI,L,0.057583945728339365,-0.057583945728339365,38,31.143085250378366,0.15
GHI,L,0.05918084061771143,-0.05918084061771143,38,30.11690926548031,0.15
GHI,L,0.06082201995573401,-0.06082201995573401,37,29.124546152477134,0.15
GHI,L,0.06250871182097721,-0.06250871182097721,35,28.16488176494302,0.15
GHI,L,0.0642421783485935,-0.0642421783485935,32,27.23683866798214,0.15
GHI,L,0.0660237166747612,-0.0660237166747612,32,26.33937492857031,0.15
GHI,L,0.06785465990731891,-0.06785465990731891,31,25.471482945755408,0.15
GHI,L,0.06973637812331723,-0.06973637812331723,31,24.632188319403117,0.15
GHI,L,0.0716702793942341,-0.0716702793942341,29,23.820548756217853,0.15
GHI,L,0.07365781083962088,-0.07365781083962088,24,23.03565301181094,0.15
GHI,L,0.07570045970996801,-0.07570045970996801,24,22.276619867627584,0.15
GHI,L,0.07779975449960012,-0.07779975449960012,21,21.542597141584913,0.15
GHI,L,0.07995726609043351,-0.07995726609043351,21,20.83276073130956,0.15
GHI,L,0.08217460892745167,-0.08217460892745167,21,20.14631368890109,0.15
GHI,L,0.08445344222677892,-0.08445344222677892,20,19.48248532618222,0.15
GHI,L,0.08679547121725582,-0.08679547121725582,20,18.840530349431354,0.15
GHI,L,0.08920244841644527,-0.08920244841644527,19,18.219728022626096,0.15
GHI,L,0.09167617494202426,-0.09167617494202426,17,17.6193813582581,0.15
GHI,L,0.09421850185954304,-0.09421850185954304,15,17.03881633481087,0.15
GHI,L,0.09683133156755919,-0.09683133156755919,15,16.477381140022032,0.15
GHI,L,0.09951661922118422,-0.09951661922118422,15,15.9344454390803,0.15
GHI,L,0.10227637419510718,-0.10227637419510718,15,15.409399666935617,0.15
GHI,L,0.10511266158719003,-0.10511266158719003,13,14.901654343928055,0.15
GHI,L,0.1080276037637604,-0.1080276037637604,13,14.410639413966845,0.15
GHI,L,0.11102338194775797,-0.11102338194775797,12,13.935803604516696,0.15
GHI,L,0.114102237850922,-0.114102237850922,12,13.476613807672889,0.15
GHI,L,0.11726647535124286,-0.11726647535124286,12,13.032554481629994,0.15
GHI,L,0.12051846221693123,-0.12051846221693123,11,12.603127071872589,0.15
GHI,L,0.12386063187819643,-0.12386063187819643,11,12.187849451437822,0.15
GHI,L,0.1272954852481582,-0.1272954852481582,10,11.786255379621629,0.15
GHI,L,0.13082559259425625,-0.13082559259425625,10,11.397893978520676,0.15
GHI,L,0.13445359546155577,-0.13445359546155577,7,11.02232922682255,0.15
GHI,L,0.13818220864939063,-0.13818220864939063,7,10.659139470275628,0.15
GHI,L,0.14201422224282106,-0.14201422224282106,7,10.307916948289211,0.15
GHI,L,0.14595250370042698,-0.14595250370042698,7,9.968267336132389,0.15
GHI,L,0.15,-0.15,7,9.63980930221751,0.15
MNO,R,0.01,-0.01,326,512.4704434267794,0.15
MNO,R,0.010277315989582517,-0.010277315989582517,319,488.93448219089896,0.15
MNO,R,0.01056232239497285,-0.01056232239497285,315,466.47944470077164,0.15
MNO,R,0.010855232483697998,-0.010855232483697998,309,445.05568793853166,0.15
MNO,R,0.011156265437534502,-0.011156265437534502,302,424.61584881515324,0.15
MNO,R,0.011465646516520012,-0.011465646516520012,289,405.1147394613569,0.15
MNO,R,0.011783607227513227,-0.011783607227513227,282,386.509247327431,0.15
MNO,R,0.012110385497428178,-0.012110385497428178,276,368.75823987112,0.15
MNO,R,0.01244622585127269,-0.01244622585127269,270,351.8224736228595,0.15
MNO,R,0.012791379595124008,-0.012791379595124008,263,335.6645074273269,0.15
MNO,R,0.013146105004178756,-0.013146105004178756,254,320.2486196695008,0.15
MNO,R,0.013510667516017707,-0.013510667516017707,244,305.5407293022336,0.15
MNO,R,0.013885339929230195,-0.013885339929230195,241,291.5083205007539,0.15
MNO,R,0.014270402607546603,-0.014270402607546603,232,278.12037077751734,0.15
MNO,R,0.014666143689631882,-0.014666143689631882,226,265.3472823984919,0.15
MNO,R,0.015072859304696847,-0.015072859304696847,221,253.16081694925217,0.15
MNO,R,0.015490853794088858,-0.015490853794088858,212,241.534032906217,0.15
MNO,R,0.01592043993902744,-0.01592043993902744,205,230.44122607502865,0.15
MNO,R,0.016361939194655492,-0.016361939194655492,199,219.8578727643793,0.15
MNO,R,0.016815681930580976,-0.016815681930580976,195,209.76057556966785,0.15
MNO,R,0.017282007678089375,-0.017282007678089375,189,200.12701164662153,0.15
MNO,R,0.017761265384211574,-0.017761265384211574,186,190.93588336052628,0.15
MNO,R,0.018253813672837616,-0.018253813672837616,180,182.16687120196636,0.15
MNO,R,0.018760021113071398,-0.018760021113071398,174,173.80058886497594,0.15
MNO,R,0.019280266495027436,-0.019280266495027436,167,165.81854038829366,0.15
MNO,R,0.019814939113275754,-0.019814939113275754,166,158.20307926496983,0.15
MNO,R,0.02036443905814729,-0.02036443905814729,163,150.93736942992192,0.15
MNO,R,0.020929177515117598,-0.020929177515117598,162,144.00534803919734,0.15
MNO,R,0.021509577072492906,-0.021509577072492906,157,137.3916899586522,0.15
MNO,R,0.022106072037628884,-0.022106072037628884,149,131.08177388353903,0.15
MNO,R,0.02271910876191863,-0.02271910876191863,143,125.06165001410416,0.15
MNO,R,0.023349145974793067,-0.023349145974793067,138,119.31800921572919,0.15
MNO,R,0.023996655126983717,-0.023996655126983717,134,113.83815359544087,0.15
MNO,R,0.0246621207433047,-0.0246621207433047,132,108.60996842973509,0.15
MNO,R,0.02534604078521801,-0.02534604078521801,126,103.62189538165954,0.15
MNO,R,0.026048927023453176,-0.026048927023453176,122,98.86290694793976,0.15
MNO,R,0.026771305420960356,-0.026771305420960356,116,94.3224820796601,0.15
MNO,R,0.027513716526483295,-0.027513716526483295,113,89.99058292259957,0.15
MNO,R,0.02827671587904675,-0.02827671587904675,110,85.85763262580211,0.15
MNO,R,0.029060874423660916,-0.029060874423660916,104,81.91449416932227,0.15
MNO,R,0.02986677893855401,-0.02986677893855401,100,78.1524501643368,0.15
MNO,R,0.030695032474252742,-0.030695032474252742,96,74.56318358096601,0.15
MNO,R,0.03154625480483923,-0.03154625480483923,92,71.13875936119884,0.15
MNO,R,0.03242108289172187,-0.03242108289172187,86,67.87160687627102,0.15
MNO,R,0.033320171360267346,-0.033320171360267346,79,64.75450318971451,0.15
MNO,R,0.0342441929896505,-0.0342441929896505,75,61.780557089075444,0.15
MNO,R,0.035193839216288464,-0.035193839216288464,73,58.943193850999585,0.15
MNO,R,0.03616982065123578,-0.03616982065123578,68,56.236140706003184,0.15
MNO,R,0.037172867611927736,-0.037172867611927736,67,53.65341297079645,0.15
MNO,R,0.038203730668669916,-0.038203730668669916,64,51.18930081749956,0.15
MNO,R,0.039263181206282534,-0.039263181206282534,63,48.83835665050263,0.15
MNO,R,0.04035201200132032,-0.04035201200132032,59,46.595383063061846,0.15
MNO,R,0.04147103781529951,-0.04147103781529951,54,44.45542134700641,0.15
MNO,R,0.04262109600437591,-0.04262109600437591,52,42.413740530154755,0.15
MNO,R,0.043803047145930404,-0.043803047145930404,49,40.46582691720306,0.15
MNO,R,0.045017775682530736,-0.045017775682530736,47,38.607374110963804,0.15
MNO,R,0.046266190583751234,-0.046266190583751234,43,36.8342734918944,0.15
MNO,R,0.047549226026345884,-0.047549226026345884,41,35.14260513486665,0.15
MNO,R,0.048867842093283764,-0.048867842093283764,39,33.52862914309755,0.15
MNO,R,0.05022302549216988,-0.05022302549216988,38,31.98877738008186,0.15
MNO,R,0.05161579029358881,-0.05161579029358881,37,30.51964558124783,0.15
MNO,R,0.053047178689923855,-0.053047178689923855,36,29.11798582789719,0.15
MNO,R,0.05451826177521954,-0.05451826177521954,34,27.780699366789833,0.15
MNO,R,0.056030140346670906,-0.056030140346670906,31,26.504829759500282,0.15
MNO,R,0.057583945728339365,-0.057583945728339365,30,25.287556346399825,0.15
MNO,R,0.05918084061771143,-0.05918084061771143,30,24.126188010814893,0.15
MNO,R,0.06082201995573401,-0.06082201995573401,27,23.01815722957583,0.15
MNO,R,0.06250871182097721,-0.06250871182097721,26,21.96101439680264,0.15
MNO,R,0.0642421783485935,-0.0642421783485935,25,20.952422408379764,0.15
MNO,R,0.0660237166747612,-0.0660237166747612,24,19.990151495146332,0.15
MNO,R,0.06785465990731891,-0.06785465990731891,23,19.072074293380116,0.15
MNO,R,0.06973637812331723,-0.06973637812331723,21,18.196161141676644,0.15
MNO,R,0.0716702793942341,-0.0716702793942341,21,17.36047559382602,0.15
MNO,R,0.07365781083962088,-0.07365781083962088,21,16.563170137767802,0.15
MNO,R,0.07570045970996801,-0.07570045970996801,20,15.802482111158712,0.15
MNO,R,0.07779975449960012,-0.07779975449960012,20,15.076729804524323,0.15
MNO,R,0.07995726609043351,-0.07995726609043351,19,14.3843087433791,0.15
MNO,R,0.08217460892745167,-0.08217460892745167,19,13.723688141095545,0.15
MNO,R,0.08445344222677892,-0.08445344222677892,17,13.093407514680674,0.15
MNO,R,0.08679547121725582,-0.08679547121725582,16,12.492073455977744,0.15
MNO,R,0.08920244841644527,-0.08920244841644527,15,11.91835655115554,0.15
MNO,R,0.09167617494202426,-0.09167617494202426,12,11.370988441674553,0.15
MNO,R,0.09421850185954304,-0.09421850185954304,12,10.848759020232526,0.15
MNO,R,0.09683133156755919,-0.09683133156755919,12,10.350513755490564,0.15
MNO,R,0.09951661922118422,-0.09951661922118422,11,9.875151139664933,0.15
MNO,R,0.10227637419510718,-0.10227637419510718,8,9.421620253342063,0.15
MNO,R,0.10511266158719003,-0.10511266158719003,6,8.988918442133055,0.15
MNO,R,0.1080276037637604,-0.1080276037637604,6,8.576089100031174,0.15
MNO,R,0.11102338194775797,-0.11102338194775797,6,8.182219554571939,0.15
MNO,R,0.114102237850922,-0.114102237850922,6,7.8064390491204385,0.15
MNO,R,0.11726647535124286,-0.11726647535124286,5,7.447916817824931,0.15
MNO,R,0.12051846221693123,-0.12051846221693123,5,7.10586024898119,0.15
MNO,R,0.12386063187819643,-0.12386063187819643,4,6.779513132746957,0.15
MNO,R,0.1272954852481582,-0.1272954852481582,4,6.468153989332717,0.15
MNO,R,0.13082559259425625,-0.13082559259425625,4,6.17109447397279,0.15
MNO,R,0.13445359546155577,-0.13445359546155577,4,5.887677855150493,0.15
MNO,R,0.13818220864939063,-0.13818220864939063,4,5.6172775627129985,0.15
MNO,R,0.14201422224282106,-0.14201422224282106,3,5.359295802666209,0.15
MNO,R,0.14595250370042698,-0.14595250370042698,3,5.113162235587248,0.15
MNO,R,0.15,-0.15,2,4.878332715732711,0.15
MNO,S,0.01,-0.01,285,339.5745656638738,0.2
MNO,S,0.010307224065220867,-0.010307224065220867,272,327.40536626067075,0.2
MNO,S,0.010623886793066825,-0.010623886793066825,267,315.67226964339125,0.2
MNO,S,0.010950278161968051,-0.010950278161968051,260,304.3596473689811,0.2
MNO,S,0.011286697059189969,-0.011286697059189969,255,293.4524310647188,0.2
MNO,S,0.011633451554534045,-0.011633451554534045,249,282.9360923571959,0.2
MNO,S,0.011990859182447447,-0.011990859182447447,246,272.7966235205749,0.2
MNO,S,0.012359247232799695,-0.012359247232799695,244,263.0205188183503,0.2
MNO,S,0.01273895305059275,-0.01273895305059275,241,253.59475651375286,0.2
MNO,S,0.013130324344878838,-0.013130324344878838,233,244.5067815248446,0.2
MNO,S,0.013533719507169063,-0.013533719507169063,227,235.74448870119258,0.2
MNO,S,0.013949507939624208,-0.013949507939624208,218,227.29620669985235,0.2
MNO,S,0.014378070393328427,-0.014378070393328427,212,219.15068243918017,0.2
MNO,S,0.014819799316955443,-0.014819799316955443,201,211.29706610976905,0.2
MNO,S,0.0152750992161467,-0.0152750992161467,192,203.7248967225399,0.2
MNO,S,0.015744387023930367,-0.015744387023930367,188,196.4240881747419,0.2
MNO,S,0.01622809248252063,-0.01622809248252063,186,189.38491581529922,0.2
MNO,S,0.01672665853684665,-0.01672665853684665,185,182.59800349161105,0.2
MNO,S,0.017240541740171793,-0.017240541740171793,177,176.05431106054792,0.2
MNO,S,0.01777021267217436,-0.01777021267217436,166,169.74512234701473,0.2
MNO,S,0.018316156369872844,-0.018316156369872844,158,163.66203353403614,0.2
MNO,S,0.01887887277179019,-0.01887887277179019,155,157.79694196890136,0.2
MNO,S,0.01945887717576389,-0.01945887717576389,154,152.14203537046066,0.2
MNO,S,0.020056700710821065,-0.020056700710821065,149,146.6897814231936,0.2
MNO,S,0.020672890823550744,-0.020672890823550744,145,141.432917744192,0.2
MNO,S,0.02130801177941859,-0.02130801177941859,143,136.36444220969165,0.2
MNO,S,0.0219626451794833,-0.0219626451794833,142,131.47760362826816,0.2
MNO,S,0.022637390492987748,-0.022637390492987748,138,126.76589274827398,0.2
MNO,S,0.02333286560631255,-0.02333286560631255,133,122.2230335875387,0.2
MNO,S,0.0240497073887949,-0.0240497073887949,126,117.8429750737823,0.2
MNO,S,0.02478857227593069,-0.02478857227593069,122,113.61988298460895,0.2
MNO,S,0.025550136870493977,-0.025550136870493977,116,109.54813217634329,0.2
MNO,S,0.02633509856212426,-0.02633509856212426,112,105.62229909135891,0.2
MNO,S,0.027144176165949066,-0.027144176165949066,106,101.8371545339193,0.2
MNO,S,0.02797811058082649,-0.02797811058082649,104,98.187656704907,0.2
MNO,S,0.028837665467810556,-0.028837665467810556,103,94.66894448616547,0.2
MNO,S,0.02972362794946059,-0.02972362794946059,100,91.27633096550714,0.2
MNO,S,0.030636809330635176,-0.030636809330635176,95,88.00529719376253,0.2
MNO,S,0.03157804584143061,-0.03157804584143061,92,84.85148616555628,0.2
MNO,S,0.03254819940294415,-0.03254819940294415,90,81.81069701579148,0.2
MNO,S,0.03354815841656336,-0.03354815841656336,88,78.87887942411204,0.2
MNO,S,0.034578838577504385,-0.034578838577504385,87,76.05212821989082,0.2
MNO,S,0.03564118371334409,-0.03564118371334409,80,73.3266781805556,0.2
MNO,S,0.03673616664831385,-0.03673616664831385,74,70.69889901632642,0.2
MNO,S,0.03786479009414649,-0.03786479009414649,73,68.16529053468223,0.2
MNO,S,0.03902808756829234,-0.03902808756829234,71,65.72247797811715,0.2
MNO,S,0.04022712434034502,-0.04022712434034502,70,63.367207528975165,0.2
MNO,S,0.04146299840754365,-0.04146299840754365,63,61.096341975376646,0.2
MNO,S,0.04273684150024484,-0.04273684150024484,59,58.90685653246334,0.2
MNO,S,0.04404982011828538,-0.04404982011828538,57,56.79583481339552,0.2
MNO,S,0.045403136599184137,-0.045403136599184137,57,54.76046494473541,0.2
MNO,S,0.0467980302191621,-0.0467980302191621,55,52.79803582104113,0.2
MNO,S,0.04823577832798813,-0.04823577832798813,55,50.90593349368448,0.2
MNO,S,0.04971769751868987,-0.04971769751868987,54,49.08163768908039,0.2
MNO,S,0.0512451448332012,-0.0512451448332012,53,47.32271845169139,0.2
MNO,S,0.052819519005050025,-0.052819519005050025,53,45.62683290733555,0.2
MNO,S,0.05444226174022428,-0.05444226174022428,49,43.99172214248628,0.2
MNO,S,0.05611485903738933,-0.05611485903738933,46,42.41520819540773,0.2
MNO,S,0.0578388425486656,-0.0578388425486656,43,40.8951911551173,0.2
MNO,S,0.059615790982212674,-0.059615790982212674,43,39.429646364311786,0.2
MNO,S,0.061447331547904,-0.061447331547904,42,38.01662172253086,0.2
MNO,S,0.06333514144741619,-0.06333514144741619,39,36.65423508596642,0.2
MNO,S,0.06528094941009757,-0.06528094941009757,37,35.340671760453574,0.2
MNO,S,0.06728653727602237,-0.06728653727602237,36,34.07418208430447,0.2
MNO,S,0.0693537416276799,-0.0693537416276799,35,32.85307909776508,0.2
MNO,S,0.0714844554717933,-0.0714844554717933,34,31.675736295991,0.2
MNO,S,0.07368062997280773,-0.07368062997280773,30,30.540585462548563,0.2
MNO,S,0.07594427623963579,-0.07594427623963579,29,29.44611458055617,0.2
MNO,S,0.07827746716729557,-0.07827746716729557,28,28.390865818683167,0.2
MNO,S,0.08068233933512857,-0.08068233933512857,27,27.37343358932374,0.2
MNO,S,0.08316109496333533,-0.08316109496333533,27,26.392462676359205,0.2
MNO,S,0.08571600392962078,-0.08571600392962078,27,25.446646430014855,0.2
MNO,S,0.08834940584779542,-0.08834940584779542,27,24.534725026407187,0.2
MNO,S,0.09106371221023628,-0.09106371221023628,25,23.65548378946292,0.2
MNO,S,0.09386140859616947,-0.09386140859616947,21,22.807751572974823,0.2
MNO,S,0.09674505694779667,-0.09674505694779667,21,21.99039920063905,0.2
MNO,S,0.09971729791634937,-0.09971729791634937,21,21.202337961996356,0.2
MNO,S,0.10278085328021949,-0.10278085328021949,20,20.442518162273682,0.2
MNO,S,0.1059385284373814,-0.1059385284373814,17,19.709927724194287,0.2
MNO,S,0.10919321497438628,-0.10919321497438628,17,19.00359083989458,0.2
MNO,S,0.11254789331428304,-0.11254789331428304,17,18.322566671151392,0.2
MNO,S,0.1160056354458889,-0.1160056354458889,16,17.66594809618887,0.2
MNO,S,0.11956960773691055,-0.11956960773691055,16,17.03286050139544,0.2
MNO,S,0.12324307383349037,-0.12324307383349037,16,16.422460616341624,0.2
MNO,S,0.12702939764883447,-0.12702939764883447,14,15.833935390546781,0.2
MNO,S,0.1309320464436578,-0.1309320464436578,13,15.266500910498797,0.2
MNO,S,0.13495459400126866,-0.13495459400126866,13,14.719401355483994,0.2
MNO,S,0.1391007239001988,-0.1391007239001988,13,14.19190799083674,0.2
MNO,S,0.14337423288737733,-0.14337423288737733,13,13.683318197267337,0.2
MNO,S,0.14777903435493567,-0.14777903435493567,13,13.19295453497571,0.2
MNO,S,0.15231916192382952,-0.15231916192382952,13,12.720163841303926,0.2
MNO,S,0.15699877313755697,-0.15699877313755697,12,12.264316360725923,0.2
MNO,S,0.16182215326935795,-0.16182215326935795,12,11.82480490601534,0.2
MNO,S,0.1667937192463786,-0.1667937192463786,11,11.40104404947429,0.2
MNO,S,0.17191802369439674,-0.17191802369439674,11,10.992469343145748,0.2
MNO,S,0.17719975910680974,-0.17719975910680974,10,10.598536566970893,0.2
MNO,S,0.18264376214170497,-0.18264376214170497,10,10.21872100388989,0.2
MNO,S,0.18825501805094585,-0.18825501805094585,9,9.852516740920645,0.2
MNO,S,0.19403866524532978,-0.19403866524532978,9,9.499435995284529,0.2
MNO,S,0.2,-0.2,8,9.159008464681389,0.2
MNO,L,0.01,-0.01,274,409.467611768223,0.15
MNO,L,0.010277315989582517,-0.010277315989582517,263,388.4763717443316,0.15
MNO,L,0.01056232239497285,-0.01056232239497285,247,368.5612416375043,0.15
MNO,L,0.010855232483697998,-0.010855232483697998,244,349.6670549805733,0.15
MNO,L,0.011156265437534502,-0.011156265437534502,233,331.7414733995338,0.15
MNO,L,0.011465646516520012,-0.011465646516520012,227,314.7348416321573,0.15
MNO,L,0.011783607227513227,-0.011783607227513227,219,298.60004997903394,0.15
MNO,L,0.012110385497428178,-0.012110385497428178,212,283.2924038060227,0.15
MNO,L,0.01244622585127269,-0.01244622585127269,210,268.7694997366199,0.15
MNO,L,0.012791379595124008,-0.012791379595124008,203,254.99110819129217,0.15
MNO,L,0.013146105004178756,-0.013146105004178756,196,241.919061948398,0.15
MNO,L,0.013510667516017707,-0.013510667516017707,187,229.51715041799804,0.15
MNO,L,0.013885339929230195,-0.013885339929230195,176,217.75101933569144,0.15
MNO,L,0.014270402607546603,-0.014270402607546603,168,206.58807559861756,0.15
MNO,L,0.014666143689631882,-0.014666143689631882,159,195.9973969800136,0.15
MNO,L,0.015072859304696847,-0.015072859304696847,156,185.94964647222926,0.15
MNO,L,0.015490853794088858,-0.015490853794088858,149,176.4169910209212,0.15
MNO,L,0.01592043993902744,-0.01592043993902744,142,167.37302442531862,0.15
MNO,L,0.016361939194655492,-0.016361939194655492,139,158.79269419098168,0.15
MNO,L,0.016815681930580976,-0.016815681930580976,136,150.65223213243388,0.15
MNO,L,0.017282007678089375,-0.017282007678089375,127,142.9290885334303,0.15
MNO,L,0.017761265384211574,-0.017761265384211574,125,135.6018696824809,0.15
MNO,L,0.018253813672837616,-0.018253813672837616,122,128.65027861059724,0.15
MNO,L,0.018760021113071398,-0.018760021113071398,116,122.05505886710198,0.15
MNO,L,0.019280266495027436,-0.019280266495027436,111,115.79794117775518,0.15
MNO,L,0.019814939113275754,-0.019814939113275754,110,109.86159283743586,0.15
MNO,L,0.02036443905814729,-0.02036443905814729,106,104.22956969719536,0.15
MNO,L,0.020929177515117598,-0.020929177515117598,99,98.88627061267742,0.15
MNO,L,0.021509577072492906,-0.021509577072492906,95,93.81689422773094,0.15
MNO,L,0.022106072037628884,-0.022106072037628884,88,89.00739797349469,0.15
MNO,L,0.02271910876191863,-0.02271910876191863,85,84.4444591693841,0.15
MNO,L,0.023349145974793067,-0.023349145974793067,81,80.11543811822544,0.15
MNO,L,0.023996655126983717,-0.023996655126983717,79,76.00834309330591,0.15
MNO,L,0.0246621207433047,-0.0246621207433047,77,72.11179712035346,0.15
MNO,L,0.02534604078521801,-0.02534604078521801,72,68.41500646242876,0.15
MNO,L,0.026048927023453176,-0.026048927023453176,69,64.90773072042973,0.15
MNO,L,0.026771305420960356,-0.026771305420960356,66,61.580254466386144,0.15
MNO,L,0.027513716526483295,-0.027513716526483295,64,58.42336033096436,0.15
MNO,L,0.02827671587904675,-0.02827671587904675,62,55.42830347063384,0.15
MNO,L,0.029060874423660916,-0.029060874423660916,61,52.58678734376656,0.15
MNO,L,0.02986677893855401,-0.02986677893855401,59,49.89094072856904,0.15
MNO,L,0.030695032474252742,-0.030695032474252742,56,47.333295919181886,0.15
MNO,L,0.03154625480483923,-0.03154625480483923,53,44.90676803955102,0.15
MNO,L,0.03242108289172187,-0.03242108289172187,51,42.60463541776738,0.15
MNO,L,0.033320171360267346,-0.033320171360267346,48,40.42052096651013,0.15
MNO,L,0.0342441929896505,-0.0342441929896505,44,38.34837451801636,0.15
MNO,L,0.035193839216288464,-0.035193839216288464,44,36.38245606464322,0.15
MNO,L,0.03616982065123578,-0.03616982065123578,41,34.51731985859833,0.15
MNO,L,0.037172867611927736,-0.037172867611927736,39,32.7477993267927,0.15
MNO,L,0.038203730668669916,-0.038203730668669916,39,31.06899275902913,0.15
MNO,L,0.039263181206282534,-0.039263181206282534,35,29.47624972988206,0.15
MNO,L,0.04035201200132032,-0.04035201200132032,34,27.96515821665545,0.15
MNO,L,0.04147103781529951,-0.04147103781529951,33,26.531532377735072,0.15
MNO,L,0.04262109600437591,-0.04262109600437591,33,25.171400957480152,0.15
MNO,L,0.043803047145930404,-0.043803047145930404,32,23.880996285534643,0.15
MNO,L,0.045017775682530736,-0.045017775682530736,30,22.656743840085827,0.15
MNO,L,0.046266190583751234,-0.046266190583751234,30,21.49525234615961,0.15
MNO,L,0.047549226026345884,-0.047549226026345884,30,20.39330438152359,0.15
MNO,L,0.048867842093283764,-0.048867842093283764,26,19.3478474641761,0.15
MNO,L,0.05022302549216988,-0.05022302549216988,26,18.35598559673234,0.15
MNO,L,0.05161579029358881,-0.05161579029358881,24,17.41497124428527,0.15
MNO,L,0.053047178689923855,-0.053047178689923855,22,16.52219772351925,0.15
MNO,L,0.05451826177521954,-0.05451826177521954,21,15.67519198199333,0.15
MNO,L,0.056030140346670906,-0.056030140346670906,21,14.871607747592725,0.15
MNO,L,0.057583945728339365,-0.057583945728339365,20,14.109219029171701,0.15
MNO,L,0.05918084061771143,-0.05918084061771143,19,13.385913950384042,0.15
MNO,L,0.06082201995573401,-0.06082201995573401,19,12.699688899620506,0.15
MNO,L,0.06250871182097721,-0.06250871182097721,18,12.048642979848015,0.15
MNO,L,0.0642421783485935,-0.0642421783485935,17,11.430972742976303,0.15
MNO,L,0.0660237166747612,-0.0660237166747612,16,10.844967194165749,0.15
MNO,L,0.06785465990731891,-0.06785465990731891,16,10.2890030522379,0.15
MNO,L,0.06973637812331723,-0.06973637812331723,16,9.761540253059698,0.15
MNO,L,0.0716702793942341,-0.0716702793942341,16,9.261117683445448,0.15
MNO,L,0.07365781083962088,-0.07365781083962088,16,8.78634913375914,0.15
MNO,L,0.07570045970996801,-0.07570045970996801,16,8.335919458005312,0.15
MNO,L,0.07779975449960012,-0.07779975449960012,15,7.90858093077189,0.15
MNO,L,0.07995726609043351,-0.07995726609043351,15,7.50314979093322,0.15
MNO,L,0.08217460892745167,-0.08217460892745167,14,7.118502962539263,0.15
MNO,L,0.08445344222677892,-0.08445344222677892,14,6.753574943807402,0.15
MNO,L,0.08679547121725582,-0.08679547121725582,13,6.407354855599179,0.15
MNO,L,0.08920244841644527,-0.08920244841644527,12,6.078883641206122,0.15
MNO,L,0.09167617494202426,-0.09167617494202426,10,5.767251409687659,0.15
MNO,L,0.09421850185954304,-0.09421850185954304,7,5.471594915402074,0.15
MNO,L,0.09683133156755919,-0.09683133156755919,6,5.19109516674863,0.15
MNO,L,0.09951661922118422,-0.09951661922118422,6,4.924975157496798,0.15
MNO,L,0.10227637419510718,-0.10227637419510718,5,4.672497714418248,0.15
MNO,L,0.10511266158719003,-0.10511266158719003,4,4.432963455259408,0.15
MNO,L,0.1080276037637604,-0.1080276037637604,3,4.205708851397936,0.15
MNO,L,0.11102338194775797,-0.11102338194775797,2,3.9901043898165542,0.15
MNO,L,0.114102237850922,-0.114102237850922,2,3.7855528293028162,0.15
MNO,L,0.11726647535124286,-0.11726647535124286,1,3.5914875460442244,0.15
MNO,L,0.12051846221693123,-0.12051846221693123,1,3.407370964036005,0.15
MNO,L,0.12386063187819643,-0.12386063187819643,1,3.232693065953539,0.15
MNO,L,0.1272954852481582,-0.1272954852481582,1,3.066969980364508,0.15
MNO,L,0.13082559259425625,-0.13082559259425625,1,2.909742641367191,0.15
MNO,L,0.13445359546155577,-0.13445359546155577,1,2.7605755169420605,0.15
MNO,L,0.13818220864939063,-0.13818220864939063,1,2.6190554024940087,0.15
MNO,L,0.14201422224282106,-0.14201422224282106,1,2.484790276243333,0.15
MNO,L,0.14595250370042698,-0.14595250370042698,1,2.3574082132947733,0.15
PQT,R,0.01,-0.01,893,1376.129358213623,0.3
PQT,R,0.010349524970641727,-0.010349524970641727,876,1300.300238462213,0.3
PQT,R,0.010711266711793666,-0.010711266711793666,851,1228.649545228594,0.3
PQT,R,0.011085652230091211,-0.011085652230091211,831,1160.947033875592,0.3
PQT,R,0.011473123457117915,-0.011473123457117915,800,1096.975146980397,0.3
PQT,R,0.01187413777106972,-0.01187413777106972,778,1036.528315228562,0.3
PQT,R,0.012289168536652623,-0.012289168536652623,760,979.4122968309696,0.3
PQT,R,0.012718705663851098,-0.012718705663851098,737,925.4435533410343,0.3
PQT,R,0.013163256186226931,-0.013163256186226931,710,874.4486598663643,0.3
PQT,R,0.013623344859430982,-0.013623344859430982,683,826.2637477796518,0.3
PQT,R,0.014099514780634457,-0.014099514780634457,667,780.7339781379611,0.3
PQT,R,0.01459232802961085,-0.01459232802961085,643,737.713044118305,0.3
PQT,R,0.015102366332225269,-0.015102366332225269,617,697.0627008706014,0.3
PQT,R,0.015630231747114434,-0.015630231747114434,594,658.6523212772364,0.3
PQT,R,0.0161765473763678,-0.0161765473763678,571,622.3584761916898,0.3
PQT,R,0.016741958101048747,-0.016741958101048747,555,588.0645378073599,0.3
PQT,R,0.017327131342424158,-0.017327131342424158,538,555.6603048820197,0.3
PQT,R,0.017932757849800772,-0.017932757849800772,518,525.0416486136138,0.3
PQT,R,0.018559552515898456,-0.018559552515898456,496,496.11017802942206,0.3
PQT,R,0.019208255220722767,-0.019208255220722767,470,468.7729238133488,0.3
PQT,R,0.01987963170493296,-0.01987963170493296,452,442.94203955534147,0.3
PQT,R,0.020574474473736466,-0.020574474473736466,428,418.53451946291545,0.3
PQT,R,0.021293603732376647,-0.021293603732376647,409,395.47193162767616,0.3
PQT,R,0.022037868354318202,-0.022037868354318202,385,373.680165989709,0.3
PQT,R,0.022808146883273133,-0.022808146883273133,368,353.0891961899337,0.3
PQT,R,0.02360534857024996,-0.02360534857024996,349,333.6328545451535,0.3
PQT,R,0.024430414446850394,-0.024430414446850394,337,315.24861942270053,0.3
PQT,R,0.02528431843608047,-0.02528431843608047,314,297.8774143314123,0.3
PQT,R,0.026168068501987184,-0.026168068501987184,293,281.4634180833423,0.3
PQT,R,0.02708270783947796,-0.02708270783947796,277,265.95388541615966,0.3
PQT,R,0.02802931610572718,-0.02802931610572718,267,251.29897749983203,0.3
PQT,R,0.029009010694623378,-0.029009010694623378,255,237.451601782931,0.3
PQT,R,0.030022948055761757,-0.030022948055761757,243,224.36726066391287,0.3
PQT,R,0.031072325059538584,-0.031072325059538584,236,212.00390850110054,0.3
PQT,R,0.03215838040995913,-0.03215838040995913,220,200.32181650186726,0.3
PQT,R,0.03328239610682679,-0.03328239610682679,205,189.28344505686064,0.3
PQT,R,0.03444569895903929,-0.03444569895903929,192,178.85332310901669,0.3
PQT,R,0.035649662150778486,-0.035649662150778486,183,168.99793416972605,0.3
PQT,R,0.03689570686244234,-0.03689570686244234,175,159.68560861587494,0.3
PQT,R,0.03818530394823244,-0.03818530394823244,171,150.8864219216611,0.3
PQT,R,0.039519975672377576,-0.039519975672377576,164,142.57209849816255,0.3
PQT,R,0.04090129750604253,-0.04090129750604253,153,134.71592083165214,0.3
PQT,R,0.04233089998704334,-0.04233089998704334,148,127.29264362868199,0.3
PQT,R,0.04381047064456429,-0.04381047064456429,139,120.27841269204734,0.3
PQT,R,0.045341755991148446,-0.045341755991148446,136,113.6506882669434,0.3
PQT,R,0.046926563584313505,-0.046926563584313505,132,107.38817261099405,0.3
PQT,R,0.04856676416022596,-0.04856676416022596,127,101.47074155540253,0.3
PQT,R,0.05026429384195263,-0.05026429384195263,123,95.87937983730258,0.3
PQT,R,0.052021156424896194,-0.052021156424896194,115,90.59611999550125,0.3
PQT,R,0.05383942574211225,-0.05383942574211225,110,85.60398463326321,0.3
PQT,R,0.05572124811230018,-0.05572124811230018,102,80.88693186259918,0.3
PQT,R,0.057668844873357425,-0.057668844873357425,97,76.42980375474778,0.3
PQT,R,0.05968451500448768,-0.05968451500448768,90,72.21827763120152,0.3
PQT,R,0.06177063783995861,-0.06177063783995861,87,68.2388200387511,0.3
PQT,R,0.06392967587771188,-0.06392967587771188,85,64.47864326065329,0.3
PQT,R,0.06616417768614112,-0.06616417768614112,80,60.92566422417111,0.3
PQT,R,0.06847678091246938,-0.06847678091246938,76,57.56846567244036,0.3
PQT,R,0.07087021539627646,-0.07087021539627646,69,54.39625947588974,0.3
PQT,R,0.07334730639185211,-0.07334730639185211,68,51.398851965319196,0.3
PQT,R,0.07591097790317833,-0.07591097790317833,61,48.56661117523624,0.3
PQT,R,0.07856425613547766,-0.07856425613547766,57,45.890435892188776,0.3
PQT,R,0.08131027306740186,-0.08131027306740186,54,43.36172640863378,0.3
PQT,R,0.08415227014807736,-0.08415227014807736,51,40.9723568883609,0.3
PQT,R,0.0870936021233715,-0.0870936021233715,48,38.714649254669986,0.3
PQT,R,0.09013774099589687,-0.09013774099589687,44,36.58134851739253,0.3
PQT,R,0.09328828012342712,-0.09328828012342712,43,34.56559945947373,0.3
PQT,R,0.09654893846056294,-0.09654893846056294,40,32.660924608197966,0.3
PQT,R,0.09992356494865481,-0.09992356494865481,38,30.861203420269888,0.3
PQT,R,0.10341614305916434,-0.10341614305916434,34,29.1606526138645,0.3
PQT,R,0.10703079549582785,-0.10703079549582785,32,27.553807584443383,0.3
PQT,R,0.11077178906117191,-0.11077178906117191,32,26.035504844619258,0.3
PQT,R,0.11464353969312568,-0.11464353969312568,29,24.600865431640027,0.3
PQT,R,0.11865061767767604,-0.11865061767767604,24,23.245279229172986,0.3
PQT,R,0.12279775304371729,-0.12279775304371729,22,21.96439015300932,0.3
PQT,R,0.12708984114646482,-0.12708984114646482,21,20.754082153083115,0.3
PQT,R,0.1315319484460229,-0.1315319484460229,21,19.61046598682405,0.3
PQT,R,0.13612931848792742,-0.13612931848792742,19,18.52986672134059,0.3
PQT,R,0.14088737809272456,-0.14088737809272456,18,17.50881192427251,0.3
PQT,R,0.14581174376188957,-0.14581174376188957,17,16.54402050536542,0.3
PQT,R,0.15090822830764894,-0.15090822830764894,16,15.63239217291005,0.3
PQT,R,0.15618284771453156,-0.15618284771453156,14,14.770997471165293,0.3
PQT,R,0.16164182824074785,-0.16164182824074785,12,13.957068366751178,0.3
PQT,R,0.16729161376778012,-0.16729161376778012,12,13.187989353761528,0.3
PQT,R,0.17313887340685927,-0.17313887340685927,10,12.46128904901336,0.3
PQT,R,0.1791905093713067,-0.1791905093713067,9,11.774632250424878,0.3
PQT,R,0.1854536651240349,-0.1854536651240349,9,11.125812433002089,0.3
PQT,R,0.19193573380982293,-0.19193573380982293,9,10.512744658320612,0.3
PQT,R,0.1986443669823206,-0.1986443669823206,9,9.93345887471766,0.3
PQT,R,0.20558748363608462,-0.20558748363608462,8,9.386093586664733,0.3
PQT,R,0.21277327955430553,-0.21277327955430553,7,8.868889872978196,0.3
PQT,R,0.2202102369832618,-0.2202102369832618,7,8.380185734645476,0.3
PQT,R,0.22790713464492018,-0.22790713464492018,7,7.9184107541041024,0.3
PQT,R,0.23587305809950077,-0.23587305809950077,6,7.482081048811513,0.3
PQT,R,0.24411741047024102,-0.24411741047024102,5,7.0697945028892635,0.3
PQT,R,0.2526499235430157,-0.2526499235430157,5,6.6802262615188575,0.3
PQT,R,0.26148066925391644,-0.26148066925391644,4,6.312124473610771,0.3
PQT,R,0.2706200715783519,-0.2706200715783519,4,5.964306269065975,0.3
PQT,R,0.28007891883570046,-0.28007891883570046,4,5.635653957703186,0.3
PQT,R,0.28986837642404195,-0.28986837642404195,4,5.325111437637385,0.3
PQT,R,0.3,-0.3,4,5.031680801568112,0.3
PQT,S,0.01,-0.01,248,266.29013877006145,0.2
PQT,S,0.010307224065220867,-0.010307224065220867,235,254.6917266758799,0.2
PQT,S,0.010623886793066825,-0.010623886793066825,227,243.5984897403718,0.2
PQT,S,0.010950278161968051,-0.010950278161968051,220,232.98842478423438,0.2
PQT,S,0.011286697059189969,-0.011286697059189969,208,222.84048698862836,0.2
PQT,S,0.011633451554534045,-0.011633451554534045,202,213.1345481532666,0.2
PQT,S,0.011990859182447447,-0.011990859182447447,193,203.85135677259206,0.2
PQT,S,0.012359247232799695,-0.012359247232799695,185,194.97249985086341,0.2
PQT,S,0.01273895305059275,-0.01273895305059275,176,186.48036638040162,0.2
PQT,S,0.013130324344878838,-0.013130324344878838,165,178.35811241056325,0.2
PQT,S,0.013533719507169063,-0.013533719507169063,156,170.58962763815333,0.2
PQT,S,0.013949507939624208,-0.013949507939624208,147,163.1595034530112,0.2
PQT,S,0.014378070393328427,-0.014378070393328427,144,156.05300237538674,0.2
PQT,S,0.014819799316955443,-0.014819799316955443,137,149.25602882449263,0.2
PQT,S,0.0152750992161467,-0.0152750992161467,129,142.75510116024148,0.2
PQT,S,0.015744387023930367,-0.015744387023930367,127,136.537324942727,0.2
PQT,S,0.01622809248252063,-0.01622809248252063,124,130.59036735639887,0.2
PQT,S,0.01672665853684665,-0.01672665853684665,118,124.90243274820844,0.2
PQT,S,0.017240541740171793,-0.017240541740171793,115,119.46223923120222,0.2
PQT,S,0.01777021267217436,-0.01777021267217436,111,114.25899630716114,0.2
PQT,S,0.018316156369872844,-0.018316156369872844,110,109.28238346389551,0.2
PQT,S,0.01887887277179019,-0.01887887277179019,106,104.52252970474765,0.2
PQT,S,0.01945887717576389,-0.01945887717576389,97,99.96999396969798,0.2
PQT,S,0.020056700710821065,-0.020056700710821065,94,95.61574640924059,0.2
PQT,S,0.020672890823550744,-0.020672890823550744,88,91.45115047388461,0.2
PQT,S,0.02130801177941859,-0.02130801177941859,83,87.46794578375881,0.2
PQT,S,0.0219626451794833,-0.0219626451794833,82,83.6582317443382,0.2
PQT,S,0.022637390492987748,-0.022637390492987748,79,80.01445187579678,0.2
PQT,S,0.02333286560631255,-0.02333286560631255,76,76.52937882490585,0.2
PQT,S,0.0240497073887949,-0.0240497073887949,75,73.19610002974372,0.2
PQT,S,0.02478857227593069,-0.02478857227593069,72,70.00800400879042,0.2
PQT,S,0.025550136870493977,-0.025550136870493977,71,66.95876724720608,0.2
PQT,S,0.02633509856212426,-0.02633509856212426,69,64.04234165428501,0.2
PQT,S,0.027144176165949066,-0.027144176165949066,65,61.252942567208095,0.2
PQT,S,0.02797811058082649,-0.02797811058082649,63,58.58503727729724,0.2
PQT,S,0.028837665467810556,-0.028837665467810556,61,56.033334056015576,0.2
PQT,S,0.02972362794946059,-0.02972362794946059,54,53.5927716589461,0.2
PQT,S,0.030636809330635176,-0.030636809330635176,53,51.25850928693021,0.2
PQT,S,0.03157804584143061,-0.03157804584143061,52,49.02591698445438,0.2
PQT,S,0.03254819940294415,-0.03254819940294415,51,46.89056645624027,0.2
PQT,S,0.03354815841656336,-0.03354815841656336,48,44.84822228382341,0.2
PQT,S,0.034578838577504385,-0.034578838577504385,44,42.894833524698505,0.2
PQT,S,0.03564118371334409,-0.03564118371334409,43,41.02652567736821,0.2
PQT,S,0.03673616664831385,-0.03673616664831385,40,39.23959299635917,0.2
PQT,S,0.03786479009414649,-0.03786479009414649,39,37.530491141961406,0.2
PQT,S,0.03902808756829234,-0.03902808756829234,38,35.89583015011225,0.2
PQT,S,0.04022712434034502,-0.04022712434034502,37,34.33236770848104,0.2
PQT,S,0.04146299840754365,-0.04146299840754365,36,32.837002725417236,0.2
PQT,S,0.04273684150024484,-0.04273684150024484,35,31.40676917900707,0.2
PQT,S,0.04404982011828538,-0.04404982011828538,33,30.038830234037277,0.2
PQT,S,0.045403136599184137,-0.045403136599184137,32,28.730472615198178,0.2
PQT,S,0.0467980302191621,-0.0467980302191621,31,27.47910122536458,0.2
PQT,S,0.04823577832798813,-0.04823577832798813,30,26.282233998280645,0.2
PQT,S,0.04971769751868987,-0.04971769751868987,28,25.137496975438808,0.2
PQT,S,0.0512451448332012,-0.0512451448332012,28,24.042619597387866,0.2
PQT,S,0.052819519005050025,-0.052819519005050025,26,22.99543020013065,0.2
PQT,S,0.05444226174022428,-0.05444226174022428,23,21.993851707678814,0.2
PQT,S,0.05611485903738933,-0.05611485903738933,23,21.035897512220387,0.2
PQT,S,0.0578388425486656,-0.0578388425486656,22,20.119667533729192,0.2
PQT,S,0.059615790982212674,-0.059615790982212674,20,19.243344451199945,0.2
PQT,S,0.061447331547904,-0.061447331547904,19,18.405190098033938,0.2
PQT,S,0.06333514144741619,-0.06333514144741619,18,17.603542014425834,0.2
PQT,S,0.06528094941009757,-0.06528094941009757,17,16.83681014991299,0.2
PQT,S,0.06728653727602237,-0.06728653727602237,17,16.103473709547032,0.2
PQT,S,0.0693537416276799,-0.0693537416276799,17,15.402078137432238,0.2
PQT,S,0.0714844554717933,-0.0714844554717933,17,14.731232231647562,0.2
PQT,S,0.07368062997280773,-0.07368062997280773,16,14.089605384829634,0.2
PQT,S,0.07594427623963579,-0.07594427623963579,15,13.475924944943854,0.2
PQT,S,0.07827746716729557,-0.07827746716729557,15,12.888973691008434,0.2
PQT,S,0.08068233933512857,-0.08068233933512857,14,12.327587418764711,0.2
PQT,S,0.08316109496333533,-0.08316109496333533,13,11.790652631504917,0.2
PQT,S,0.08571600392962078,-0.08571600392962078,13,11.277104331477078,0.2
PQT,S,0.08834940584779542,-0.08834940584779542,13,10.785923907486623,0.2
PQT,S,0.09106371221023628,-0.09106371221023628,13,10.31613711450462,0.2
PQT,S,0.09386140859616947,-0.09386140859616947,11,9.866812141275231,0.2
PQT,S,0.09674505694779667,-0.09674505694779667,9,9.437057762089589,0.2
PQT,S,0.09971729791634937,-0.09971729791634937,8,9.026021569060196,0.2
PQT,S,0.10278085328021949,-0.10278085328021949,7,8.632888281389596,0.2
PQT,S,0.1059385284373814,-0.1059385284373814,6,8.256878128279686,0.2
PQT,S,0.10919321497438628,-0.10919321497438628,6,7.897245302274369,0.2
PQT,S,0.11254789331428304,-0.11254789331428304,6,7.55327647996769,0.2
PQT,S,0.1160056354458889,-0.1160056354458889,6,7.224289407143321,0.2
PQT,S,0.11956960773691055,-0.11956960773691055,6,6.909631545539088,0.2
PQT,S,0.12324307383349037,-0.12324307383349037,6,6.608678778552394,0.2
PQT,S,0.12702939764883447,-0.12702939764883447,6,6.320834173319331,0.2
PQT,S,0.1309320464436578,-0.1309320464436578,6,6.045526796712163,0.2
PQT,S,0.13495459400126866,-0.13495459400126866,6,5.7822105829066075,0.2
PQT,S,0.1391007239001988,-0.1391007239001988,6,5.530363250272938,0.2
PQT,S,0.14337423288737733,-0.14337423288737733,6,5.289485265442368,0.2
PQT,S,0.14777903435493567,-0.14777903435493567,5,5.059098852494204,0.2
PQT,S,0.15231916192382952,-0.15231916192382952,5,4.8387470452983,0.2
PQT,S,0.15699877313755697,-0.15699877313755697,5,4.627992781133321,0.2
PQT,S,0.16182215326935795,-0.16182215326935795,4,4.426418033782899,0.2
PQT,S,0.1667937192463786,-0.1667937192463786,4,4.233622984390316,0.2
PQT,S,0.17191802369439674,-0.17191802369439674,4,4.049225228426999,0.2
PQT,S,0.17719975910680974,-0.17719975910680974,3,3.8728590172020034,0.2
PQT,S,0.18264376214170497,-0.18264376214170497,3,3.7041745324079054,0.2
PQT,S,0.18825501805094585,-0.18825501805094585,3,3.5428371922642716,0.2
PQT,S,0.19403866524532978,-0.19403866524532978,3,3.3885269878824382,0.2
PQT,S,0.2,-0.2,3,3.2409378485352462,0.2
PQT,L,0.01,-0.01,268,326.841104966327,0.15
PQT,L,0.010277315989582517,-0.010277315989582517,259,312.9910220387476,0.15
PQT,L,0.01056232239497285,-0.01056232239497285,252,299.7278444733943,0.15
PQT,L,0.010855232483697998,-0.010855232483697998,243,287.0267018123787,0.15
PQT,L,0.011156265437534502,-0.011156265437534502,232,274.8637774980065,0.15
PQT,L,0.011465646516520012,-0.011465646516520012,228,263.2162642131414,0.15
PQT,L,0.011783607227513227,-0.011783607227513227,217,252.0623211140467,0.15
PQT,L,0.012110385497428178,-0.012110385497428178,212,241.38103287550797,0.15
PQT,L,0.01244622585127269,-0.01244622585127269,203,231.1523704714474,0.15
PQT,L,0.012791379595124008,-0.012791379595124008,198,221.35715361747773,0.15
PQT,L,0.013146105004178756,-0.013146105004178756,190,211.97701480497784,0.15
PQT,L,0.013510667516017707,-0.013510667516017707,182,202.9943648592427,0.15
PQT,L,0.013885339929230195,-0.013885339929230195,175,194.39235995713105,0.15
PQT,L,0.014270402607546603,-0.014270402607546603,166,186.15487004235544,0.15
PQT,L,0.014666143689631882,-0.014666143689631882,156,178.26644857919484,0.15
PQT,L,0.015072859304696847,-0.015072859304696847,150,170.71230358791144,0.15
PQT,L,0.015490853794088858,-0.015490853794088858,146,163.47826990755667,0.15
PQT,L,0.01592043993902744,-0.01592043993902744,141,156.55078263416053,0.15
PQT,L,0.016361939194655492,-0.016361939194655492,135,149.9168516844899,0.15
PQT,L,0.016815681930580976,-0.016815681930580976,131,143.5640374376839,0.15
PQT,L,0.017282007678089375,-0.017282007678089375,123,137.48042740908923,0.15
PQT,L,0.017761265384211574,-0.017761265384211574,122,131.6546139125549,0.15
PQT,L,0.018253813672837616,-0.018253813672837616,117,126.07567266930073,0.15
PQT,L,0.018760021113071398,-0.018760021113071398,115,120.7331423232475,0.15
PQT,L,0.019280266495027436,-0.019280266495027436,113,115.61700482439598,0.15
PQT,L,0.019814939113275754,-0.019814939113275754,109,110.71766664347388,0.15
PQT,L,0.02036443905814729,-0.02036443905814729,107,106.02594078262112,0.15
PQT,L,0.020929177515117598,-0.020929177515117598,101,101.5330295483829,0.15
PQT,L,0.021509577072492906,-0.021509577072492906,97,97.23050805470967,0.15
PQT,L,0.022106072037628884,-0.022106072037628884,92,93.11030842502373,0.15
PQT,L,0.02271910876191863,-0.02271910876191863,89,89.16470466373433,0.15
PQT,L,0.023349145974793067,-0.023349145974793067,88,85.38629816883177,0.15
PQT,L,0.023996655126983717,-0.023996655126983717,83,81.76800385839238,0.15
PQT,L,0.0246621207433047,-0.0246621207433047,78,78.30303688498172,0.15
PQT,L,0.02534604078521801,-0.02534604078521801,78,74.98489991304216,0.15
PQT,L,0.026048927023453176,-0.026048927023453176,77,71.80737093540971,0.15
PQT,L,0.026771305420960356,-0.026771305420960356,76,68.7644916061118,0.15
PQT,L,0.027513716526483295,-0.027513716526483295,73,65.8505560675704,0.15
PQT,L,0.02827671587904675,-0.02827671587904675,67,63.06010025125858,0.15
PQT,L,0.029060874423660916,-0.029060874423660916,66,60.38789163174773,0.15
PQT,L,0.02986677893855401,-0.02986677893855401,64,57.82891941493434,0.15
PQT,L,0.030695032474252742,-0.030695032474252742,62,55.37838514204457,0.15
PQT,L,0.03154625480483923,-0.03154625480483923,61,53.031693691800555,0.15
PQT,L,0.03242108289172187,-0.03242108289172187,60,50.784444663875725,0.15
PQT,L,0.033320171360267346,-0.033320171360267346,58,48.63242412748014,0.15
PQT,L,0.0342441929896505,-0.0342441929896505,58,46.571596719604926,0.15
PQT,L,0.035193839216288464,-0.035193839216288464,54,44.59809807810819,0.15
PQT,L,0.03616982065123578,-0.03616982065123578,51,42.70822759545338,0.15
PQT,L,0.037172867611927736,-0.037172867611927736,48,40.89844147951207,0.15
PQT,L,0.038203730668669916,-0.038203730668669916,47,39.16534610841921,0.15
PQT,L,0.039263181206282534,-0.039263181206282534,45,37.505691667020685,0.15
PQT,L,0.04035201200132032,-0.04035201200132032,44,35.91636605297961,0.15
PQT,L,0.04147103781529951,-0.04147103781529951,42,34.394389041115254,0.15
PQT,L,0.04262109600437591,-0.04262109600437591,38,32.9369066950316,0.15
PQT,L,0.043803047145930404,-0.043803047145930404,36,31.541186015556054,0.15
PQT,L,0.045017775682530736,-0.045017775682530736,34,30.204609815953855,0.15
PQT,L,0.046266190583751234,-0.046266190583751234,32,28.92467181430851,0.15
PQT,L,0.047549226026345884,-0.047549226026345884,30,27.698971933865163,0.15
PQT,L,0.048867842093283764,-0.048867842093283764,28,26.525211802524687,0.15
PQT,L,0.05022302549216988,-0.05022302549216988,26,25.401190443049625,0.15
PQT,L,0.05161579029358881,-0.05161579029358881,26,24.32480014589978,0.15
PQT,L,0.053047178689923855,-0.053047178689923855,26,23.294022516959163,0.15
PQT,L,0.05451826177521954,-0.05451826177521954,25,22.30692469274262,0.15
PQT,L,0.056030140346670906,-0.056030140346670906,25,21.361655715985254,0.15
PQT,L,0.057583945728339365,-0.057583945728339365,24,20.4564430648186,0.15
PQT,L,0.05918084061771143,-0.05918084061771143,23,19.589589329024733,0.15
PQT,L,0.06082201995573401,-0.06082201995573401,22,18.75946902713622,0.15
PQT,L,0.06250871182097721,-0.06250871182097721,21,17.96452555841318,0.15
PQT,L,0.0642421783485935,-0.0642421783485935,21,17.203268283982272,0.15
PQT,L,0.0660237166747612,-0.0660237166747612,19,16.474269731664002,0.15
PQT,L,0.06785465990731891,-0.06785465990731891,19,15.776162919247081,0.15
PQT,L,0.06973637812331723,-0.06973637812331723,19,15.107638791190755,0.15
PQT,L,0.0716702793942341,-0.0716702793942341,17,14.467443763948166,0.15
PQT,L,0.07365781083962088,-0.07365781083962088,16,13.854377375308262,0.15
PQT,L,0.07570045970996801,-0.07570045970996801,16,13.26729003334809,0.15
PQT,L,0.07779975449960012,-0.07779975449960012,15,12.705080860774604,0.15
PQT,L,0.07995726609043351,-0.07995726609043351,15,12.16669563061371,0.15
PQT,L,0.08217460892745167,-0.08217460892745167,15,11.651124789375777,0.15
PQT,L,0.08445344222677892,-0.08445344222677892,15,11.15740156399059,0.15
PQT,L,0.08679547121725582,-0.08679547121725582,15,10.684600148962026,0.15
PQT,L,0.08920244841644527,-0.08920244841644527,14,10.231833970343203,0.15
PQT,L,0.09167617494202426,-0.09167617494202426,12,9.79825402327663,0.15
PQT,L,0.09421850185954304,-0.09421850185954304,11,9.383047279982037,0.15
PQT,L,0.09683133156755919,-0.09683133156755919,10,8.985435165206743,0.15
PQT,L,0.09951661922118422,-0.09951661922118422,9,8.604672096279641,0.15
PQT,L,0.10227637419510718,-0.10227637419510718,7,8.240044085031226,0.15
PQT,L,0.10511266158719003,-0.10511266158719003,6,7.890867398958176,0.15
PQT,L,0.1080276037637604,-0.1080276037637604,6,7.556487279121764,0.15
PQT,L,0.11102338194775797,-0.11102338194775797,6,7.236276712376116,0.15
PQT,L,0.114102237850922,-0.114102237850922,6,6.92963525562407,0.15
PQT,L,0.11726647535124286,-0.11726647535124286,6,6.635987909895744,0.15
PQT,L,0.12051846221693123,-0.12051846221693123,6,6.354784042138834,0.15
PQT,L,0.12386063187819643,-0.12386063187819643,6,6.085496352698572,0.15
PQT,L,0.1272954852481582,-0.1272954852481582,5,5.827619886551383,0.15
PQT,L,0.13082559259425625,-0.13082559259425625,4,5.580671086438044,0.15
PQT,L,0.13445359546155577,-0.13445359546155577,4,5.344186886120962,0.15
PQT,L,0.13818220864939063,-0.13818220864939063,4,5.117723842065093,0.15
PQT,L,0.14201422224282106,-0.14201422224282106,2,4.900857301914465,0.15
PQT,L,0.14595250370042698,-0.14595250370042698,2,4.693180608205017,0.15
PQT,L,0.15,-0.15,2,4.4943043358204715,0.15
SLR,R,0.01,-0.01,658,793.153800203143,0.15
SLR,R,0.010277315989582517,-0.010277315989582517,640,756.4576226423687,0.15
SLR,R,0.01056232239497285,-0.01056232239497285,620,721.4592361622462,0.15
SLR,R,0.010855232483697998,-0.010855232483697998,587,688.0800904955526,0.15
SLR,R,0.011156265437534502,-0.011156265437534502,567,656.2452695939919,0.15
SLR,R,0.011465646516520012,-0.011465646516520012,541,625.883323486852,0.15
SLR,R,0.011783607227513227,-0.011783607227513227,522,596.9261079189263,0.15
SLR,R,0.012110385497428178,-0.012110385497428178,499,569.3086314077563,0.15
SLR,R,0.01244622585127269,-0.01244622585127269,478,542.9689093769582,0.15
SLR,R,0.012791379595124008,-0.012791379595124008,452,517.8478250382406,0.15
SLR,R,0.013146105004178756,-0.013146105004178756,426,493.8889967098655,0.15
SLR,R,0.013510667516017707,-0.013510667516017707,405,471.03865127378833,0.15
SLR,R,0.013885339929230195,-0.013885339929230195,393,449.24550348743963,0.15
SLR,R,0.014270402607546603,-0.014270402607546603,379,428.46064087928795,0.15
SLR,R,0.014666143689631882,-0.014666143689631882,369,408.63741396984983,0.15
SLR,R,0.015072859304696847,-0.015072859304696847,354,389.731331571741,0.15
SLR,R,0.015490853794088858,-0.015490853794088858,342,371.69996093379956,0.15
SLR,R,0.01592043993902744,-0.01592043993902744,329,354.50283250515616,0.15
SLR,R,0.016361939194655492,-0.016361939194655492,311,338.10134910549806,0.15
SLR,R,0.016815681930580976,-0.016815681930580976,298,322.458699297686,0.15
SLR,R,0.017282007678089375,-0.017282007678089375,282,307.53977476827646,0.15
SLR,R,0.017761265384211574,-0.017761265384211574,273,293.3110915305393,0.15
SLR,R,0.018253813672837616,-0.018253813672837616,264,279.7407147731023,0.15
SLR,R,0.018760021113071398,-0.018760021113071398,254,266.79818718556146,0.15
SLR,R,0.019280266495027436,-0.019280266495027436,237,254.45446060019145,0.15
SLR,R,0.019814939113275754,-0.019814939113275754,230,242.6818307963319,0.15
SLR,R,0.02036443905814729,-0.02036443905814729,229,231.45387532111965,0.15
SLR,R,0.020929177515117598,-0.020929177515117598,221,220.74539418702136,0.15
SLR,R,0.021509577072492906,-0.021509577072492906,215,210.53235331306234,0.15
SLR,R,0.022106072037628884,-0.022106072037628884,206,200.79183058281083,0.15
SLR,R,0.02271910876191863,-0.02271910876191863,198,191.5019643980522,0.15
SLR,R,0.023349145974793067,-0.023349145974793067,187,182.6419046126882,0.15
SLR,R,0.023996655126983717,-0.023996655126983717,181,174.19176573673613,0.15
SLR,R,0.0246621207433047,-0.0246621207433047,171,166.1325823053977,0.15
SLR,R,0.02534604078521801,-0.02534604078521801,166,158.4462663130295,0.15
SLR,R,0.026048927023453176,-0.026048927023453176,158,151.1155666164815,0.15
SLR,R,0.026771305420960356,-0.026771305420960356,154,144.12403021668672,0.15
SLR,R,0.027513716526483295,-0.027513716526483295,150,137.45596533160196,0.15
SLR,R,0.02827671587904675,-0.02827671587904675,144,131.0964061776215,0.15
SLR,R,0.029060874423660916,-0.029060874423660916,138,125.03107938042076,0.15
SLR,R,0.02986677893855401,-0.02986677893855401,133,119.24637193984066,0.15
SLR,R,0.030695032474252742,-0.030695032474252742,126,113.72930067691293,0.15
SLR,R,0.03154625480483923,-0.03154625480483923,121,108.46748309445404,0.15
SLR,R,0.03242108289172187,-0.03242108289172187,114,103.44910958582929,0.15
SLR,R,0.033320171360267346,-0.033320171360267346,109,98.66291692950767,0.15
SLR,R,0.0342441929896505,-0.0342441929896505,106,94.09816300992492,0.15
SLR,R,0.035193839216288464,-0.035193839216288464,104,89.7446027079121,0.15
SLR,R,0.03616982065123578,-0.03616982065123578,101,85.59246490658347,0.15
SLR,R,0.037172867611927736,-0.037172867611927736,96,81.6324305610732,0.15
SLR,R,0.038203730668669916,-0.038203730668669916,92,77.85561178289966,0.15
SLR,R,0.039263181206282534,-0.039263181206282534,88,74.25353189201802,0.15
SLR,R,0.04035201200132032,-0.04035201200132032,85,70.8181063917855,0.15
SLR,R,0.04147103781529951,-0.04147103781529951,83,67.54162482414331,0.15
SLR,R,0.04262109600437591,-0.04262109600437591,78,64.41673346428935,0.15
SLR,R,0.043803047145930404,-0.043803047145930404,75,61.43641881600136,0.15
SLR,R,0.045017775682530736,-0.045017775682530736,72,58.59399187056805,0.15
SLR,R,0.046266190583751234,-0.046266190583751234,70,55.883073094,0.15
SLR,R,0.047549226026345884,-0.047549226026345884,67,53.29757810882303,0.15
SLR,R,0.048867842093283764,-0.048867842093283764,63,50.83170403832147,0.15
SLR,R,0.05022302549216988,-0.05022302549216988,62,48.47991648257971,0.15
SLR,R,0.05161579029358881,-0.05161579029358881,57,46.236937097092635,0.15
SLR,R,0.053047178689923855,-0.053047178689923855,56,44.09773174606641,0.15
SLR,R,0.05451826177521954,-0.05451826177521954,56,42.05749920381965,0.15
SLR,R,0.056030140346670906,-0.056030140346670906,53,40.11166037892808,0.15
SLR,R,0.057583945728339365,-0.057583945728339365,51,38.25584803692618,0.15
SLR,R,0.05918084061771143,-0.05918084061771143,48,36.48589699850014,0.15
SLR,R,0.06082201995573401,-0.06082201995573401,44,34.79783479117262,0.15
SLR,R,0.06250871182097721,-0.06250871182097721,42,33.187872733498054,0.15
SLR,R,0.0642421783485935,-0.0642421783485935,40,31.652397431758384,0.15
SLR,R,0.0660237166747612,-0.0660237166747612,33,30.187962670073357,0.15
SLR,R,0.06785465990731891,-0.06785465990731891,32,28.791281675724782,0.15
SLR,R,0.06973637812331723,-0.06973637812331723,32,27.45921974233416,0.15
SLR,R,0.0716702793942341,-0.0716702793942341,29,26.188787194337785,0.15
SLR,R,0.07365781083962088,-0.07365781083962088,25,24.977132676968438,0.15
SLR,R,0.07570045970996801,-0.07570045970996801,22,23.821536756683688,0.15
SLR,R,0.07779975449960012,-0.07779975449960012,21,22.719405817677995,0.15
SLR,R,0.07995726609043351,-0.07995726609043351,21,21.668266240779655,0.15
SLR,R,0.08217460892745167,-0.08217460892745167,20,20.665758851667768,0.15
SLR,R,0.08445344222677892,-0.08445344222677892,20,19.709633625948946,0.15
SLR,R,0.08679547121725582,-0.08679547121725582,19,18.797744639209647,0.15
SLR,R,0.08920244841644527,-0.08920244841644527,18,17.928045250710337,0.15
SLR,R,0.09167617494202426,-0.09167617494202426,17,17.09858350991153,0.15
SLR,R,0.09421850185954304,-0.09421850185954304,17,16.307497775522098,0.15
SLR,R,0.09683133156755919,-0.09683133156755919,16,15.553012537237601,0.15
SLR,R,0.09951661922118422,-0.09951661922118422,12,14.83343443079057,0.15
SLR,R,0.10227637419510718,-0.10227637419510718,11,14.1471484373691,0.15
SLR,R,0.10511266158719003,-0.10511266158719003,10,13.492614258873845,0.15
SLR,R,0.1080276037637604,-0.1080276037637604,10,12.868362860877795,0.15
SLR,R,0.11102338194775797,-0.11102338194775797,10,12.272993175530095,0.15
SLR,R,0.114102237850922,-0.114102237850922,10,11.705168957003885,0.15
SLR,R,0.11726647535124286,-0.11726647535124286,10,11.163615782430318,0.15
SLR,R,0.12051846221693123,-0.12051846221693123,9,10.647118191588007,0.15
SLR,R,0.12386063187819643,-0.12386063187819643,8,10.154516958927935,0.15
SLR,R,0.1272954852481582,-0.1272954852481582,8,9.68470649181136,0.15
SLR,R,0.13082559259425625,-0.13082559259425625,8,9.236632349121129,0.15
SLR,R,0.13445359546155577,-0.13445359546155577,8,8.809288874677534,0.15
SLR,R,0.13818220864939063,-0.13818220864939063,7,8.401716940146631,0.15
SLR,R,0.14201422224282106,-0.14201422224282106,6,8.013001792375745,0.15
SLR,R,0.14595250370042698,-0.14595250370042698,5,7.642271000324412,0.15
SLR,R,0.15,-0.15,5,7.28869249698288,0.15
SLR,S,0.01,-0.01,417,478.36354429885483,0.15
SLR,S,0.010277315989582517,-0.010277315989582517,403,460.04642304903695,0.15
SLR,S,0.01056232239497285,-0.01056232239497285,387,442.43068662437736,0.15
SLR,S,0.010855232483697998,-0.010855232483697998,376,425.48947814784617,0.15
SLR,S,0.011156265437534502,-0.011156265437534502,370,409.19696912486114,0.15
SLR,S,0.011465646516520012,-0.011465646516520012,349,393.5283200652753,0.15
SLR,S,0.011783607227513227,-0.011783607227513227,342,378.4596426131955,0.15
SLR,S,0.012110385497428178,-0.012110385497428178,324,363.96796312689725,0.15
SLR,S,0.01244622585127269,-0.01244622585127269,315,350.03118765330504,0.15
SLR,S,0.012791379595124008,-0.012791379595124008,310,336.62806824364947,0.15
SLR,S,0.013146105004178756,-0.013146105004178756,301,323.7381705589317,0.15
SLR,S,0.013510667516017707,-0.013510667516017707,293,311.341842715818,0.15
SLR,S,0.013885339929230195,-0.013885339929230195,284,299.42018532546166,0.15
SLR,S,0.014270402607546603,-0.014270402607546603,279,287.955022679574,0.15
SLR,S,0.014666143689631882,-0.014666143689631882,270,276.9288750398182,0.15
SLR,S,0.015072859304696847,-0.015072859304696847,266,266.3249319882735,0.15
SLR,S,0.015490853794088858,-0.015490853794088858,259,256.1270267983428,0.15
SLR,S,0.01592043993902744,-0.01592043993902744,252,246.31961178703142,0.15
SLR,S,0.016361939194655492,-0.016361939194655492,244,236.88773461101366,0.15
SLR,S,0.016815681930580976,-0.016815681930580976,230,227.81701547035527,0.15
SLR,S,0.017282007678089375,-0.017282007678089375,222,219.0936251851305,0.15
SLR,S,0.017761265384211574,-0.017761265384211574,216,210.70426411151328,0.15
SLR,S,0.018253813672837616,-0.018253813672837616,204,202.63614186519678,0.15
SLR,S,0.018760021113071398,-0.018760021113071398,196,194.87695782122765,0.15
SLR,S,0.019280266495027436,-0.019280266495027436,189,187.41488236052498,0.15
SLR,S,0.019814939113275754,-0.019814939113275754,180,180.23853883449434,0.15
SLR,S,0.02036443905814729,-0.02036443905814729,174,173.33698622023624,0.15
SLR,S,0.020929177515117598,-0.020929177515117598,170,166.69970243990974,0.15
SLR,S,0.021509577072492906,-0.021509577072492906,164,160.31656831881773,0.15
SLR,S,0.022106072037628884,-0.022106072037628884,154,154.17785215775513,0.15
SLR,S,0.02271910876191863,-0.02271910876191863,146,148.27419489610182,0.15
SLR,S,0.023349145974793067,-0.023349145974793067,141,142.59659584303844,0.15
SLR,S,0.023996655126983717,-0.023996655126983717,135,137.13639895513236,0.15
SLR,S,0.0246621207433047,-0.0246621207433047,129,131.88527963936926,0.15
SLR,S,0.02534604078521801,-0.02534604078521801,127,126.83523206151436,0.15
SLR,S,0.026048927023453176,-0.026048927023453176,121,121.9785569404515,0.15
SLR,S,0.026771305420960356,-0.026771305420960356,116,117.30784980989255,0.15
SLR,S,0.027513716526483295,-0.027513716526483295,113,112.8159897295581,0.15
SLR,S,0.02827671587904675,-0.02827671587904675,111,108.49612842862342,0.15
SLR,S,0.029060874423660916,-0.029060874423660916,105,104.34167986487287,0.15
SLR,S,0.02986677893855401,-0.02986677893855401,101,100.34631018364857,0.15
SLR,S,0.030695032474252742,-0.030695032474252742,99,96.50392806128212,0.15
SLR,S,0.03154625480483923,-0.03154625480483923,93,92.8086754182882,0.15
SLR,S,0.03242108289172187,-0.03242108289172187,90,89.25491848816186,0.15
SLR,S,0.033320171360267346,-0.033320171360267346,89,85.83723922816174,0.15
SLR,S,0.0342441929896505,-0.0342441929896505,86,82.55042705898519,0.15
SLR,S,0.035193839216288464,-0.035193839216288464,83,79.389470920741,0.15
SLR,S,0.03616982065123578,-0.03616982065123578,81,76.34955163310877,0.15
SLR,S,0.037172867611927736,-0.037172867611927736,79,73.42603454803758,0.15
SLR,S,0.038203730668669916,-0.038203730668669916,77,70.61446248378024,0.15
SLR,S,0.039263181206282534,-0.039263181206282534,76,67.91054892949387,0.15
SLR,S,0.04035201200132032,-0.04035201200132032,71,65.31017151004293,0.15
SLR,S,0.04147103781529951,-0.04147103781529951,66,62.80936570104391,0.15
SLR,S,0.04262109600437591,-0.04262109600437591,64,60.40431878456847,0.15
SLR,S,0.043803047145930404,-0.043803047145930404,64,58.09136403628945,0.15
SLR,S,0.045017775682530736,-0.045017775682530736,62,55.86697513520859,0.15
SLR,S,0.046266190583751234,-0.046266190583751234,59,53.72776078744279,0.15
SLR,S,0.047549226026345884,-0.047549226026345884,58,51.670459555871496,0.15
SLR,S,0.048867842093283764,-0.048867842093283764,57,49.691934887763765,0.15
SLR,S,0.05022302549216988,-0.05022302549216988,56,47.78917033280304,0.15
SLR,S,0.05161579029358881,-0.05161579029358881,49,45.95926494421988,0.15
SLR,S,0.053047178689923855,-0.053047178689923855,46,44.199428856021065,0.15
SLR,S,0.05451826177521954,-0.05451826177521954,45,42.506979029571376,0.15
SLR,S,0.056030140346670906,-0.056030140346670906,43,40.87933516304435,0.15
SLR,S,0.057583945728339365,-0.057583945728339365,41,39.314015757505246,0.15
SLR,S,0.05918084061771143,-0.05918084061771143,41,37.808634333628184,0.15
SLR,S,0.06082201995573401,-0.06082201995573401,40,36.36089579327977,0.15
SLR,S,0.06250871182097721,-0.06250871182097721,40,34.968592920422395,0.15
SLR,S,0.0642421783485935,-0.0642421783485935,39,33.629603016001994,0.15
SLR,S,0.0660237166747612,-0.0660237166747612,38,32.341884661689996,0.15
SLR,S,0.06785465990731891,-0.06785465990731891,34,31.10347460754567,0.15
SLR,S,0.06973637812331723,-0.06973637812331723,33,29.912484778853532,0.15
SLR,S,0.0716702793942341,-0.0716702793942341,32,28.767099397572625,0.15
SLR,S,0.07365781083962088,-0.07365781083962088,28,27.665572214009234,0.15
SLR,S,0.07570045970996801,-0.07570045970996801,28,26.606223844491698,0.15
SLR,S,0.07779975449960012,-0.07779975449960012,26,25.587439210989416,0.15
SLR,S,0.07995726609043351,-0.07995726609043351,26,24.60766507877158,0.15
SLR,S,0.08217460892745167,-0.08217460892745167,25,23.665407688352232,0.15
SLR,S,0.08445344222677892,-0.08445344222677892,25,22.759230478110823,0.15
SLR,S,0.08679547121725582,-0.08679547121725582,25,21.887751894116388,0.15
SLR,S,0.08920244841644527,-0.08920244841644527,24,21.049643283816422,0.15
SLR,S,0.09167617494202426,-0.09167617494202426,24,20.243626870378765,0.15
SLR,S,0.09421850185954304,-0.09421850185954304,24,19.468473804598407,0.15
SLR,S,0.09683133156755919,-0.09683133156755919,22,18.723002291399315,0.15
SLR,S,0.09951661922118422,-0.09951661922118422,22,18.006075788074615,0.15
SLR,S,0.10227637419510718,-0.10227637419510718,21,17.316601271518365,0.15
SLR,S,0.10511266158719003,-0.10511266158719003,18,16.653527571807242,0.15
SLR,S,0.1080276037637604,-0.1080276037637604,17,16.015843769591307,0.15
SLR,S,0.11102338194775797,-0.11102338194775797,17,15.402577654850582,0.15
SLR,S,0.114102237850922,-0.114102237850922,15,14.812794244667922,0.15
SLR,S,0.11726647535124286,-0.11726647535124286,13,14.245594357757883,0.15
SLR,S,0.12051846221693123,-0.12051846221693123,12,13.70011324357882,0.15
SLR,S,0.12386063187819643,-0.12386063187819643,12,13.175519263937883,0.15
SLR,S,0.1272954852481582,-0.1272954852481582,9,12.671012625078937,0.15
SLR,S,0.13082559259425625,-0.13082559259425625,9,12.185824158320367,0.15
SLR,S,0.13445359546155577,-0.13445359546155577,8,11.719214147383846,0.15
SLR,S,0.13818220864939063,-0.13818220864939063,7,11.270471200625963,0.15
SLR,S,0.14201422224282106,-0.14201422224282106,7,10.838911166453533,0.15
SLR,S,0.14595250370042698,-0.14595250370042698,7,10.423876090269083,0.15
SLR,S,0.15,-0.15,7,10.02473321135593,0.15
SLR,L,0.01,-0.01,340,488.4910084816079,0.15
SLR,L,0.010277315989582517,-0.010277315989582517,332,460.16837772788745,0.15
SLR,L,0.01056232239497285,-0.01056232239497285,314,433.4878885875912,0.15
SLR,L,0.010855232483697998,-0.010855232483697998,300,408.3543299519078,0.15
SLR,L,0.011156265437534502,-0.011156265437534502,286,384.678011036927,0.15
SLR,L,0.011465646516520012,-0.011465646516520012,274,362.3744413160833,0.15
SLR,L,0.011783607227513227,-0.011783607227513227,267,341.3640290100646,0.15
SLR,L,0.012110385497428178,-0.012110385497428178,253,321.57179705822836,0.15
SLR,L,0.01244622585127269,-0.01244622585127269,246,302.92711555794705,0.15
SLR,L,0.012791379595124008,-0.012791379595124008,236,285.36344971708314,0.15
SLR,L,0.013146105004178756,-0.013146105004178756,220,268.8181224201338,0.15
SLR,L,0.013510667516017707,-0.013510667516017707,212,253.2320905607557,0.15
SLR,L,0.013885339929230195,-0.013885339929230195,207,238.5497343424933,0.15
SLR,L,0.014270402607546603,-0.014270402607546603,198,224.718658795818,0.15
SLR,L,0.014666143689631882,-0.014666143689631882,190,211.68950680317684,0.15
SLR,L,0.015072859304696847,-0.015072859304696847,185,199.4157829648202,0.15
SLR,L,0.015490853794088858,-0.015490853794088858,177,187.85368767685858,0.15
SLR,L,0.01592043993902744,-0.01592043993902744,174,176.96196082945056,0.15
SLR,L,0.016361939194655492,-0.016361939194655492,161,166.70173456734176,0.15
SLR,L,0.016815681930580976,-0.016815681930580976,147,157.03639458732565,0.15
SLR,L,0.017282007678089375,-0.017282007678089375,142,147.9314494776554,0.15
SLR,L,0.017761265384211574,-0.017761265384211574,132,139.35440763313565,0.15
SLR,L,0.018253813672837616,-0.018253813672837616,124,131.27466130665755,0.15
SLR,L,0.018760021113071398,-0.018760021113071398,118,123.66337738340746,0.15
SLR,L,0.019280266495027436,-0.019280266495027436,116,116.49339448796957,0.15
SLR,L,0.019814939113275754,-0.019814939113275754,112,109.73912605714239,0.15
SLR,L,0.02036443905814729,-0.02036443905814729,103,103.37646903257703,0.15
SLR,L,0.020929177515117598,-0.020929177515117598,99,97.38271784740365,0.15
SLR,L,0.021509577072492906,-0.021509577072492906,92,91.73648339989758,0.15
SLR,L,0.022106072037628884,-0.022106072037628884,88,86.41761672504043,0.15
SLR,L,0.02271910876191863,-0.02271910876191863,85,81.40713709159185,0.15
SLR,L,0.023349145974793067,-0.023349145974793067,80,76.68716426808061,0.15
SLR,L,0.023996655126983717,-0.023996655126983717,76,72.24085471600502,0.15
SLR,L,0.0246621207433047,-0.0246621207433047,69,68.05234148253858,0.15
SLR,L,0.02534604078521801,-0.02534604078521801,66,64.10667757824861,0.15
SLR,L,0.026048927023453176,-0.026048927023453176,64,60.389782637765876,0.15
SLR,L,0.026771305420960356,-0.026771305420960356,61,56.88839267305923,0.15
SLR,L,0.027513716526483295,-0.027513716526483295,58,53.590012740007886,0.15
SLR,L,0.02827671587904675,-0.02827671587904675,55,50.482872349358125,0.15
SLR,L,0.029060874423660916,-0.029060874423660916,53,47.55588346294555,0.15
SLR,L,0.02986677893855401,-0.02986677893855401,51,44.79860092529017,0.15
SLR,L,0.030695032474252742,-0.030695032474252742,48,42.20118518936048,0.15
SLR,L,0.03154625480483923,-0.03154625480483923,48,39.75436720349233,0.15
SLR,L,0.03242108289172187,-0.03242108289172187,46,37.44941533415869,0.15
SLR,L,0.033320171360267346,-0.033320171360267346,45,35.278104206551596,0.15
SLR,L,0.0342441929896505,-0.0342441929896505,44,33.23268535178251,0.15
SLR,L,0.035193839216288464,-0.035193839216288464,40,31.30585955595302,0.15
SLR,L,0.03616982065123578,-0.03616982065123578,38,29.490750812422256,0.15
SLR,L,0.037172867611927736,-0.037172867611927736,35,27.780881784317767,0.15
SLR,L,0.038203730668669916,-0.038203730668669916,33,26.170150689725595,0.15
SLR,L,0.039263181206282534,-0.039263181206282534,31,24.652809527074005,0.15
SLR,L,0.04035201200132032,-0.04035201200132032,30,23.22344356300546,0.15
SLR,L,0.04147103781529951,-0.04147103781529951,28,21.876952009538794,0.15
SLR,L,0.04262109600437591,-0.04262109600437591,28,20.60852982156647,0.15
SLR,L,0.043803047145930404,-0.043803047145930404,27,19.413650549729788,0.15
SLR,L,0.045017775682530736,-0.045017775682530736,27,18.288050187481815,0.15
SLR,L,0.046266190583751234,-0.046266190583751234,27,17.22771195469514,0.15
SLR,L,0.047549226026345884,-0.047549226026345884,23,16.228851963513392,0.15
SLR,L,0.048867842093283764,-0.048867842093283764,22,15.287905715294592,0.15
SLR,L,0.05022302549216988,-0.05022302549216988,21,14.401515380459411,0.15
SLR,L,0.05161579029358881,-0.05161579029358881,18,13.56651781585193,0.15
SLR,L,0.053047178689923855,-0.053047178689923855,16,12.779933276851919,0.15
SLR,L,0.05451826177521954,-0.05451826177521954,15,12.038954783956907,0.15
SLR,L,0.056030140346670906,-0.056030140346670906,14,11.340938105888213,0.15
SLR,L,0.057583945728339365,-0.057583945728339365,14,10.683392323474958,0.15
SLR,L,0.05918084061771143,-0.05918084061771143,12,10.063970940642456,0.15
SLR,L,0.06082201995573401,-0.06082201995573401,12,9.480463510784153,0.15
SLR,L,0.06250871182097721,-0.06250871182097721,11,8.93078774863514,0.15
SLR,L,0.0642421783485935,-0.0642421783485935,10,8.41298209949805,0.15
SLR,L,0.0660237166747612,-0.0660237166747612,10,7.925198739303977,0.15
SLR,L,0.06785465990731891,-0.06785465990731891,10,7.465696980528796,0.15
SLR,L,0.06973637812331723,-0.06973637812331723,9,7.032837060433365,0.15
SLR,L,0.0716702793942341,-0.0716702793942341,7,6.6250742894605885,0.15
SLR,L,0.07365781083962088,-0.07365781083962088,6,6.2409535389075526,0.15
SLR,L,0.07570045970996801,-0.07570045970996801,6,5.879104048201392,0.15
SLR,L,0.07779975449960012,-0.07779975449960012,6,5.538234533248625,0.15
SLR,L,0.07995726609043351,-0.07995726609043351,6,5.217128578401526,0.15
SLR,L,0.08217460892745167,-0.08217460892745167,6,4.914640295597614,0.15
SLR,L,0.08445344222677892,-0.08445344222677892,5,4.629690235181488,0.15
SLR,L,0.08679547121725582,-0.08679547121725582,4,4.361261533816576,0.15
SLR,L,0.08920244841644527,-0.08920244841644527,4,4.108396285740375,0.15
SLR,L,0.09167617494202426,-0.09167617494202426,4,3.8701921244137005,0.15
SLR,L,0.09421850185954304,-0.09421850185954304,3,3.6457990023653624,0.15
SLR,L,0.09683133156755919,-0.09683133156755919,3,3.434416157740972,0.15
SLR,L,0.09951661922118422,-0.09951661922118422,3,3.2352892567307303,0.15
SLR,L,0.10227637419510718,-0.10227637419510718,2,3.0477077016787995,0.15
SLR,L,0.10511266158719003,-0.10511266158719003,2,2.871002095268091,0.15
SLR,L,0.1080276037637604,-0.1080276037637604,2,2.7045418517311854,0.15
SLR,L,0.11102338194775797,-0.11102338194775797,2,2.547732946562866,0.15
SLR,L,0.114102237850922,-0.114102237850922,2,2.400015796703994,0.15
SLR,L,0.11726647535124286,-0.11726647535124286,2,2.260863263631925,0.15
SLR,L,0.12051846221693123,-0.12051846221693123,2,2.1297787722314836,0.15
SLR,L,0.12386063187819643,-0.12386063187819643,2,2.0062945387334636,0.15
SLR,L,0.1272954852481582,-0.1272954852481582,1,1.889969901396983,0.15
SLR,L,0.13082559259425625,-0.13082559259425625,1,1.7803897479786015,0.15
SLR,L,0.13445359546155577,-0.13445359546155577,1,1.6771630343765505,0.15
SLR,L,0.13818220864939063,-0.13818220864939063,1,1.5799213891636978,0.15
SLR,L,0.14201422224282106,-0.14201422224282106,1,1.488317799029501,0.15
SLR,L,0.14595250370042698,-0.14595250370042698,1,1.4020253704398145,0.15
SLR,L,0.15,-0.15,1,1.320736163095456,0.15
