background,x,s,tail_count,individual_fit_count,common_fit_count
REL606,0.01,-0.01,1093,1093.1374713903267,1046.2754864600338
REL606,0.010177029011328716,-0.010177029011328716,1079,1081.8807609709745,1036.6506072783986
REL606,0.010357191949742633,-0.010357191949742633,1070,1070.7399678381316,1027.1142691172297
REL606,0.010540544294843095,-0.010540544294843095,1063,1059.7138983200402,1017.6656574715208
REL606,0.010727142508381356,-0.010727142508381356,1052,1048.8013710369169,1008.3039653290396
REL606,0.010917044051645456,-0.010917044051645456,1041,1038.0012167743737,999.0283931014116
REL606,0.011110307403154938,-0.011110307403154938,1031,1027.3122783581439,989.8381485558219
REL606,0.011306992076668802,-0.011306992076668802,1017,1016.7334105300981,980.7324467473451
REL606,0.011507158639512226,-0.011507158639512226,1008,1006.2634798255355,971.7105099519118
REL606,0.01171086873122778,-0.01171086873122778,994,995.9013644517399,962.771567599878
REL606,0.011918185082556742,-0.011918185082556742,986,985.6459541677867,953.9148562102087
REL606,0.01212917153475651,-0.01212917153475651,970,975.4961501655863,945.1396193252701
REL606,0.012343893059259944,-0.012343893059259944,955,965.4508649521532,936.4451074462223
REL606,0.012562415777682757,-0.012562415777682757,946,955.5090222330888,927.8305779690025
REL606,0.0127848069821851,-0.0127848069821851,936,945.6695567972575,919.2952951208935
REL606,0.013011135156193569,-0.013011135156193569,922,935.931414402665,910.8385298976904
REL606,0.013241469995490094,-0.013241469995490094,910,926.2935516634939,902.459560001431
REL606,0.01347588242967414,-0.01347588242967414,900,916.7549359383122,894.1576697786994
REL606,0.013714444644004856,-0.013714444644004856,894,907.3145452194357,885.9321501595107
REL606,0.013957230101629914,-0.013957230101629914,888,897.9713680234228,877.7822985967439
REL606,0.014204313566207808,-0.014204313566207808,882,888.7244032827,869.7074190061331
REL606,0.01445577112493069,-0.01445577112493069,876,879.5726602383043,861.7068217068229
REL606,0.014711680211954759,-0.014711680211954759,865,870.5151583337278,853.7798233624573
REL606,0.014972119632245416,-0.014972119632245416,859,861.5509271098572,845.9257469228137
REL606,0.015237169585844574,-0.015237169585844574,852,852.6790061009987,838.1439215659815
REL606,0.01550691169256758,-0.01550691169256758,845,843.8984447319579,830.43368264106
REL606,0.015781429017137274,-0.015781429017137274,839,835.2083022162072,822.7943716113973
REL606,0.016060806094763087,-0.016060806094763087,832,826.6076474550745,815.2253359983351
REL606,0.016345128957172897,-0.016345128957172897,826,818.0955589379834,807.7259293254899
REL606,0.016634485159105764,-0.016634485159105764,814,809.6711246437211,800.2955110635318
REL606,0.016928963805273624,-0.016928963805273624,806,801.3334419427223,792.9334465754752
REL606,0.017228655577800345,-0.017228655577800345,800,793.0816175003498,785.6391070624773
REL606,0.01753365276414644,-0.01753365276414644,795,784.9147671811871,778.4118695101295
REL606,0.017844049285528227,-0.017844049285528227,788,776.8320159543042,771.2511166352489
REL606,0.01815994072584002,-0.01815994072584002,780,768.8324977995042,764.1562368331502
REL606,0.018481424361088364,-0.018481424361088364,774,760.9153556145337,757.1266241254142
REL606,0.018808599189347356,-0.018808599189347356,768,753.0797411232502,750.1616781081257
REL606,0.01914156596124418,-0.01914156596124418,759,745.3248147847328,743.2608039005945
REL606,0.019480427210984426,-0.019480427210984426,753,737.6497457033316,736.4234120945481
REL606,0.019825287287926586,-0.019825287287926586,742,730.0537115396411,729.6489187037889
REL606,0.020176252388715517,-0.020176252388715517,733,722.5358984223918,722.9367451143107
REL606,0.02053343058998481,-0.02053343058998481,724,715.0955008612482,716.2863180348882
REL606,0.020896931881637992,-0.020896931881637992,717,707.7317216605054,709.6970694481029
REL606,0.02126686820071898,-0.02126686820071898,712,700.4437718336742,703.1684365618353
REL606,0.021643353465882118,-0.021643353465882118,703,693.2308705189455,696.6998617611906
REL606,0.022026503612472412,-0.022026503612472412,692,686.0922448955259,690.2907925608783
REL606,0.02241643662822685,-0.02241643662822685,687,679.0271301008337,683.9406815580166
REL606,0.022813272589607633,-0.022813272589607633,678,672.0347691485491,677.6489863853865
REL606,0.023217133698778706,-0.023217133698778706,668,665.114412847507,671.4151696651033
REL606,0.023628144321236846,-0.023628144321236846,658,658.2653197214253,665.2386989627181
REL606,0.02404643102410891,-0.02404643102410891,652,651.4867559294605,659.1190467417454
REL606,0.024472122615127125,-0.024472122615127125,641,644.7779951875814,653.055690318603
REL606,0.02490535018229423,-0.02490535018229423,632,638.1383186907485,647.0481118179706
REL606,0.025346247134250932,-0.025346247134250932,629,631.5670150359048,641.0957981285572
REL606,0.025794949241357907,-0.025794949241357907,624,625.0633801457462,635.1982408592771
REL606,0.026251594677505093,-0.026251594677505093,621,618.6267171932884,629.3549362958271
REL606,0.02671632406266118,-0.02671632406266118,609,612.2563365272023,623.5653853576628
REL606,0.027189280506176233,-0.027189280506176233,602,605.951555597925,617.8290935553725
REL606,0.02767060965085098,-0.02767060965085098,596,599.711698884527,612.145570948445
REL606,0.028160459717786277,-0.028160459717786277,585,593.5360978223342,606.5143321034193
REL606,0.028658981552026445,-0.028658981552026445,581,587.4240907312956,600.9348960524255
REL606,0.029166328669010762,-0.029166328669010762,573,581.3750227450854,595.4067862521066
REL606,0.029682657301847097,-0.029682657301847097,562,575.3882457409438,589.9295305429133
REL606,0.030208126449422605,-0.030208126449422605,553,569.4631182702263,584.5026611087782
REL606,0.030742897925366015,-0.030742897925366015,549,563.599005489685,579.1257144371606
REL606,0.03128713640787672,-0.03128713640787672,547,557.7952790934403,573.7982312794552
REL606,0.03184100949043604,-0.03184100949043604,543,552.0513172456673,568.5197566117681
REL606,0.03240468773341604,-0.03240468773341604,536,546.3665045139694,563.2898395960549
REL606,0.03297834471660228,-0.03297834471660228,535,540.7402318034336,558.1080335416111
REL606,0.033562157092646046,-0.033562157092646046,531,535.1718962913751,552.9738958669216
REL606,0.03415630464146305,-0.03415630464146305,529,529.6609013627451,547.8869880618608
REL606,0.03476097032559513,-0.03476097032559513,522,524.2066565462077,542.8468756502361
REL606,0.03537634034655181,-0.03537634034655181,516,518.8085774508746,537.8531281526823
REL606,0.036002604202149624,-0.036002604202149624,513,513.4660857036905,532.9053190498907
REL606,0.036639954744866185,-0.036639954744866185,509,508.1786088874641,528.0030257461835
REL606,0.037288588241227424,-0.037288588241227424,507,502.94558047953683,523.1458295334163
REL606,0.03794870443224625,-0.03794870443224625,504,497.76643979108303,518.3333155552173
REL606,0.038620506594930853,-0.038620506594930853,502,492.6406319070357,513.5650727715554
REL606,0.03930420160488233,-0.03930420160488233,498,487.56760762663026,508.8406939236302
REL606,0.04,-0.04,495,482.54682340456094,504.15977549909115
REL607,0.01,-0.01,1141,1168.9985213813256,1124.4362935244988
REL607,0.010177029011328716,-0.010177029011328716,1138,1157.105609271197,1114.09239881161
REL607,0.010357191949742633,-0.010357191949742633,1129,1145.3336907772907,1103.843659474306
REL607,0.010540544294843095,-0.010540544294843095,1122,1133.6815349601156,1093.6892001609165
REL607,0.010727142508381356,-0.010727142508381356,1111,1122.1479234032552,1083.6281535722937
REL607,0.010917044051645456,-0.010917044051645456,1099,1110.7316500859642,1073.6596603877313
REL607,0.011110307403154938,-0.011110307403154938,1096,1099.4315212570582,1063.7828691915693
REL607,0.011306992076668802,-0.011306992076668802,1086,1088.246355310086,1053.9969364004792
REL607,0.011507158639512226,-0.011507158639512226,1078,1077.174982659779,1044.3010261914085
REL607,0.01171086873122778,-0.01171086873122778,1067,1066.2162456197498,1034.694310430192
REL607,0.011918185082556742,-0.011918185082556742,1060,1055.3689982814362,1025.175968600822
REL607,0.01212917153475651,-0.01212917153475651,1049,1044.632106394281,1015.7451877353709
REL607,0.012343893059259944,-0.012343893059259944,1038,1034.0044472471286,1006.401162344545
REL607,0.012562415777682757,-0.012562415777682757,1030,1023.4849095508275,997.1430943489
REL607,0.0127848069821851,-0.0127848069821851,1013,1013.0723933220235,987.9701930106656
REL607,0.013011135156193569,-0.013011135156193569,1004,1002.7658097681455,978.8816748662164
REL607,0.013241469995490094,-0.013241469995490094,991,992.5640811735518,969.876763659148
REL607,0.01347588242967414,-0.01347588242967414,980,982.4661407868368,960.9546902739838
REL607,0.013714444644004856,-0.013714444644004856,971,972.4709327092863,952.1146926704788
REL607,0.013957230101629914,-0.013957230101629914,964,962.5774117844693,943.3560158185347
REL607,0.014204313566207808,-0.014204313566207808,954,952.7845434889476,934.6779116337151
REL607,0.01445577112493069,-0.01445577112493069,950,943.0913038240989,926.0796389133492
REL607,0.014711680211954759,-0.014711680211954759,939,933.4966792090452,917.5604632732204
REL607,0.014972119632245416,-0.014972119632245416,926,923.9996663746656,909.1196570848513
REL607,0.015237169585844574,-0.015237169585844574,918,914.5992722586866,900.7564994133513
REL607,0.01550691169256758,-0.01550691169256758,910,905.2945139018426,892.4702759558373
REL607,0.015781429017137274,-0.015781429017137274,900,896.0844183450979,884.2602789804331
REL607,0.016060806094763087,-0.016060806094763087,896,886.9680225278984,876.1258072658167
REL607,0.016345128957172897,-0.016345128957172897,885,877.9443731874746,868.0661660413272
REL607,0.016634485159105764,-0.016634485159105764,878,869.0125267591637,860.080666927626
REL607,0.016928963805273624,-0.016928963805273624,869,860.1715492777428,852.168627877904
REL607,0.017228655577800345,-0.017228655577800345,856,851.4205162797673,844.3293731196228
REL607,0.01753365276414644,-0.01753365276414644,853,842.7585127069044,836.5622330967992
REL607,0.017844049285528227,-0.017844049285528227,845,834.1846328102542,828.8665444128189
REL607,0.01815994072584002,-0.01815994072584002,836,825.6979800556302,821.2416497737751
REL607,0.018481424361088364,-0.018481424361088364,826,817.29766702982,813.686897932323
REL607,0.018808599189347356,-0.018808599189347356,815,808.98281534779,806.2016436320655
REL607,0.01914156596124418,-0.01914156596124418,805,800.7525555608348,798.7852475524363
REL607,0.019480427210984426,-0.019480427210984426,796,792.6060270656629,791.437076254094
REL607,0.019825287287926586,-0.019825287287926586,789,784.5423780144127,784.1565021248214
REL607,0.020176252388715517,-0.020176252388715517,782,776.5607652255696,776.9429033259228
REL607,0.02053343058998481,-0.02053343058998481,767,768.6603540958029,769.7956637391081
REL607,0.020896931881637992,-0.020896931881637992,761,760.8403185126955,762.714172913872
REL607,0.02126686820071898,-0.02126686820071898,756,753.0998407683603,755.6978260153562
REL607,0.021643353465882118,-0.021643353465882118,752,745.4381114739325,748.7460237726874
REL607,0.022026503612472412,-0.022026503612472412,747,737.8543294749413,741.8581724277942
REL607,0.02241643662822685,-0.02241643662822685,739,730.3477017675305,735.0336836846958
REL607,0.022813272589607633,-0.022813272589607633,734,722.9174434155427,728.2719746592513
REL607,0.023217133698778706,-0.023217133698778706,726,715.5627774684372,721.5724678293798
REL607,0.023628144321236846,-0.023628144321236846,718,708.2829348800515,714.9345909857286
REL607,0.02404643102410891,-0.02404643102410891,705,701.0771544281839,708.3577771828064
REL607,0.024472122615127125,-0.024472122615127125,694,693.9446826349943,701.8414646905549
REL607,0.02490535018229423,-0.02490535018229423,683,686.8847736882166,695.3850969463725
REL607,0.025346247134250932,-0.025346247134250932,673,679.8966893631774,688.9881225075815
REL607,0.025794949241357907,-0.025794949241357907,663,672.979698945594,682.6499950043233
REL607,0.026251594677505093,-0.026251594677505093,655,666.1330791551743,676.3701730928958
REL607,0.02671632406266118,-0.02671632406266118,652,659.3561140699833,670.1481204095182
REL607,0.027189280506176233,-0.027189280506176233,642,652.6480950515814,663.9833055245163
REL607,0.02767060965085098,-0.02767060965085098,633,646.0083206709263,657.8752018969341
REL607,0.028160459717786277,-0.028160459717786277,629,639.4360966350288,651.8232878295635
REL607,0.028658981552026445,-0.028658981552026445,627,632.9307357143516,645.8270464243847
REL607,0.029166328669010762,-0.029166328669010762,620,626.491557670948,639.8859655384138
REL607,0.029682657301847097,-0.029682657301847097,615,620.1178891873352,633.9995377399675
REL607,0.030208126449422605,-0.030208126449422605,606,613.8090637960863,628.1672602653165
REL607,0.030742897925366015,-0.030742897925366015,601,607.5644218101404,622.388634975749
REL607,0.03128713640787672,-0.03128713640787672,594,601.3833102538221,616.6631683150199
REL607,0.03184100949043604,-0.03184100949043604,589,595.2650827945643,610.9903712672003
REL607,0.03240468773341604,-0.03240468773341604,583,589.2090996753228,605.3697593149066
REL607,0.03297834471660228,-0.03297834471660228,580,583.2147276476777,599.8008523979187
REL607,0.033562157092646046,-0.033562157092646046,572,577.2813399056209,594.2831748721801
REL607,0.03415630464146305,-0.03415630464146305,564,571.4083160200119,588.8162554691688
REL607,0.03476097032559513,-0.03476097032559513,563,565.5950418737002,583.3996272556485
REL607,0.03537634034655181,-0.03537634034655181,558,559.8409095973136,578.0328275937879
REL607,0.036002604202149624,-0.036002604202149624,553,554.1453175056938,572.7153981016442
REL607,0.036639954744866185,-0.036639954744866185,548,548.5076700349797,567.446884614015
REL607,0.037288588241227424,-0.037288588241227424,544,542.9273776803329,562.2268371436455
REL607,0.03794870443224625,-0.03794870443224625,544,537.4038569342973,557.054809842796
REL607,0.038620506594930853,-0.038620506594930853,542,531.9365302257818,551.9303609651623
REL607,0.03930420160488233,-0.03930420160488233,538,526.5248258596662,546.8530528281439
REL607,0.04,-0.04,532,521.1681779570234,541.8224517754637
Ara-1,0.01,-0.01,993,991.264969251096,1011.0212507944515
Ara-1,0.010177029011328716,-0.010177029011328716,984,982.6369487470778,1001.7206817618288
Ara-1,0.010357191949742633,-0.010357191949742633,976,974.0840269705715,992.5056703614149
Ara-1,0.010540544294843095,-0.010540544294843095,968,965.6055502584486,983.3754295329327
Ara-1,0.010727142508381356,-0.010727142508381356,961,957.2008706370987,974.3291794564193
Ara-1,0.010917044051645456,-0.010917044051645456,953,948.8693457729046,965.3661474856153
Ara-1,0.011110307403154938,-0.011110307403154938,947,940.6103389231537,956.4855680819751
Ara-1,0.011306992076668802,-0.011306992076668802,939,932.4232188873757,947.6866827492838
Ara-1,0.011507158639512226,-0.011507158639512226,934,924.3073599591006,938.9687399688715
Ara-1,0.01171086873122778,-0.01171086873122778,929,916.262141878039,930.3309951354244
Ara-1,0.011918185082556742,-0.011918185082556742,916,908.2869497826782,921.7727104933882
Ara-1,0.01212917153475651,-0.01212917153475651,906,900.3811741632927,913.2931550739606
Ara-1,0.012343893059259944,-0.012343893059259944,900,892.5442108153576,904.8916046326486
Ara-1,0.012562415777682757,-0.012562415777682757,893,884.7754607933783,896.5673415874224
Ara-1,0.0127848069821851,-0.0127848069821851,883,877.0743303651086,888.3196549574163
Ara-1,0.013011135156193569,-0.013011135156193569,874,869.4402309661807,880.1478403022102
Ara-1,0.013241469995490094,-0.013241469995490094,865,861.8725791551196,872.051199661657
Ara-1,0.01347588242967414,-0.01347588242967414,855,854.3707965687547,864.0290414962759
Ara-1,0.013714444644004856,-0.013714444644004856,851,846.9343098780186,856.0806806281811
Ara-1,0.013957230101629914,-0.013957230101629914,845,839.5625507441273,848.2054381825636
Ara-1,0.014204313566207808,-0.014204313566207808,834,832.2549557751458,840.4026415297093
Ara-1,0.01445577112493069,-0.01445577112493069,827,825.0109664829357,832.6716242275479
Ara-1,0.014711680211954759,-0.014711680211954759,822,817.8300292404622,825.0117259647275
Ara-1,0.014972119632245416,-0.014972119632245416,811,810.7115952394912,817.4222925042246
Ara-1,0.015237169585844574,-0.015237169585844574,808,803.6551204486426,809.9026756274623
Ara-1,0.01550691169256758,-0.01550691169256758,797,796.6600655718132,802.4522330789395
Ara-1,0.015781429017137274,-0.015781429017137274,795,789.7258960069607,795.0703285113856
Ara-1,0.016060806094763087,-0.016060806094763087,788,782.8520818052443,787.756331431404
Ara-1,0.016345128957172897,-0.016345128957172897,778,776.0380976305274,780.5096171456199
Ara-1,0.016634485159105764,-0.016634485159105764,769,769.2834227192229,773.3295667073278
Ara-1,0.016928963805273624,-0.016928963805273624,760,762.5875408404985,766.2155668636274
Ara-1,0.017228655577800345,-0.017228655577800345,749,755.9499402568206,759.1670100030416
Ara-1,0.01753365276414644,-0.01753365276414644,742,749.3701136848447,752.1832941036226
Ara-1,0.017844049285528227,-0.017844049285528227,736,742.8475582566474,745.2638226815336
Ara-1,0.01815994072584002,-0.01815994072584002,728,736.3817754812908,738.4080047401021
Ara-1,0.018481424361088364,-0.018481424361088364,724,729.97227120673,731.6152547193378
Ara-1,0.018808599189347356,-0.018808599189347356,720,723.6185555820423,724.8849924459279
Ara-1,0.01914156596124418,-0.01914156596124418,714,717.3201430199936,718.2166430836788
Ara-1,0.019480427210984426,-0.019480427210984426,705,711.0765521599257,711.6096370844189
Ara-1,0.019825287287926586,-0.019825287287926586,696,704.8873058309673,705.063410139354
Ara-1,0.020176252388715517,-0.020176252388715517,689,698.7519310155676,698.5774031308717
Ara-1,0.02053343058998481,-0.02053343058998481,681,692.6699588133426,692.1510620847824
Ara-1,0.020896931881637992,-0.020896931881637992,674,686.6409244052427,685.7838381230065
Ara-1,0.02126686820071898,-0.02126686820071898,666,680.664367018027,679.4751874166955
Ara-1,0.021643353465882118,-0.021643353465882118,663,674.7398298890463,673.22457113978
Ara-1,0.022026503612472412,-0.022026503612472412,659,668.8668602313384,667.0314554229504
Ara-1,0.02241643662822685,-0.02241643662822685,656,663.0450091990214,660.8953113080596
Ara-1,0.022813272589607633,-0.022813272589607633,652,657.2738318529904,654.815614702941
Ara-1,0.023217133698778706,-0.023217133698778706,643,651.5528871269137,648.7918463366497
Ara-1,0.023628144321236846,-0.023628144321236846,642,645.8817377935217,642.8234917151067
Ara-1,0.02404643102410891,-0.02404643102410891,635,640.2599504311951,636.9100410771603
Ara-1,0.024472122615127125,-0.024472122615127125,629,634.6870953908364,631.0509893510429
Ara-1,0.02490535018229423,-0.02490535018229423,627,629.162746763037,625.2458361112342
Ara-1,0.025346247134250932,-0.025346247134250932,620,623.6864823455251,619.4940855357218
Ara-1,0.025794949241357907,-0.025794949241357907,613,618.2578836108985,613.7952463636481
Ara-1,0.026251594677505093,-0.026251594677505093,610,612.8765356746396,608.1488318533542
Ara-1,0.02671632406266118,-0.02671632406266118,607,607.5420272634047,602.5543597408082
Ara-1,0.027189280506176233,-0.027189280506176233,599,602.2539506835963,597.0113521984114
Ara-1,0.02767060965085098,-0.02767060965085098,595,597.0119017902017,591.5193357941884
Ara-1,0.028160459717786277,-0.028160459717786277,587,591.8154799559061,586.0778414513519
Ara-1,0.028658981552026445,-0.028658981552026445,584,586.6642880404764,580.6864044082383
Ara-1,0.029166328669010762,-0.029166328669010762,578,581.5579323604078,575.3445641786083
Ara-1,0.029682657301847097,-0.029682657301847097,574,576.4960226588369,570.0518645123227
Ara-1,0.030208126449422605,-0.030208126449422605,572,571.4781720757145,564.8078533563688
Ara-1,0.030742897925366015,-0.030742897925366015,566,566.5039971182425,559.6120828162535
Ara-1,0.03128713640787672,-0.03128713640787672,563,561.5731176315633,554.4641091177452
Ara-1,0.03184100949043604,-0.03184100949043604,557,556.685156769705,549.3634925689745
Ara-1,0.03240468773341604,-0.03240468773341604,553,551.8397409667837,544.3097975228758
Ara-1,0.03297834471660228,-0.03297834471660228,551,547.0364999084513,539.302592339981
Ara-1,0.033562157092646046,-0.033562157092646046,549,542.2750665035945,534.3414493515533
Ara-1,0.03415630464146305,-0.03415630464146305,545,537.5550768562804,529.4259448230573
Ara-1,0.03476097032559513,-0.03476097032559513,539,532.8761702379429,524.5556589179691
Ara-1,0.03537634034655181,-0.03537634034655181,536,528.2379890598179,519.7301756619191
Ara-1,0.036002604202149624,-0.036002604202149624,530,523.6401788456097,514.9490829071597
Ara-1,0.036639954744866185,-0.036639954744866185,525,519.0823882044041,510.2119722973675
Ara-1,0.037288588241227424,-0.037288588241227424,519,514.5642688038104,505.5184392327624
Ara-1,0.03794870443224625,-0.03794870443224625,516,510.0854753433408,500.8680828355512
Ara-1,0.038620506594930853,-0.038620506594930853,513,505.64566552802097,496.2605059156904
Ara-1,0.03930420160488233,-0.03930420160488233,510,501.2445000422279,491.695314936958
Ara-1,0.04,-0.04,503,496.8816425237608,487.1721199833457
Ara-3,0.01,-0.01,891,896.8894482170634,1005.0369789479735
Ara-3,0.010177029011328716,-0.010177029011328716,888,891.2037301603161,995.7914603244045
Ara-3,0.010357191949742633,-0.010357191949742633,884,885.5540559993746,986.6309929142818
Ara-3,0.010540544294843095,-0.010540544294843095,878,879.9401972384865,977.5547943159706
Ara-3,0.010727142508381356,-0.010727142508381356,872,874.3619268304197,968.5620893252858
Ara-3,0.010917044051645456,-0.010917044051645456,866,868.8190191672794,959.6521098692918
Ara-3,0.011110307403154938,-0.011110307403154938,863,863.3112500713837,950.8240949406966
Ara-3,0.011306992076668802,-0.011306992076668802,858,857.8383967861971,942.0772905328479
Ara-3,0.011507158639512226,-0.011507158639512226,856,852.4002379673211,933.4109495753431
Ara-3,0.01171086873122778,-0.01171086873122778,852,846.9965536735416,924.824331870216
Ara-3,0.011918185082556742,-0.011918185082556742,845,841.6271253579363,916.3167040287151
Ara-3,0.01212917153475651,-0.01212917153475651,841,836.2917358590314,907.8873394086654
Ara-3,0.012343893059259944,-0.012343893059259944,831,830.9901693920219,899.5355180524081
Ara-3,0.012562415777682757,-0.012562415777682757,823,825.7222115400434,891.2605266253065
Ara-3,0.0127848069821851,-0.0127848069821851,815,820.4876492454997,883.0616583548152
Ara-3,0.013011135156193569,-0.013011135156193569,811,815.2862708014485,874.938212970123
Ara-3,0.013241469995490094,-0.013241469995490094,805,810.1178658430348,866.8894966423377
Ara-3,0.01347588242967414,-0.01347588242967414,801,804.9822253389863,858.9148219252208
Ara-3,0.013714444644004856,-0.013714444644004856,794,799.8791415831578,851.0135076964825
Ara-3,0.013957230101629914,-0.013957230101629914,793,794.8084081861314,843.1848790996007
Ara-3,0.014204313566207808,-0.014204313566207808,788,789.7698200668688,835.4282674861773
Ara-3,0.01445577112493069,-0.01445577112493069,784,784.7631734444174,827.7430103588373
Ara-3,0.014711680211954759,-0.014711680211954759,781,779.7882658296683,820.1284513146394
Ara-3,0.014972119632245416,-0.014972119632245416,777,774.844896017166,812.5839399890103
Ara-3,0.015237169585844574,-0.015237169585844574,773,769.9328640769742,805.1088320002024
Ara-3,0.01550691169256758,-0.01550691169256758,766,765.0519713465848,797.70248889425
Ara-3,0.015781429017137274,-0.015781429017137274,762,760.2020204228868,790.3642780904462
Ara-3,0.016060806094763087,-0.016060806094763087,757,755.3828151541811,783.093572827304
Ara-3,0.016345128957172897,-0.016345128957172897,753,750.5941606322474,775.8897521090341
Ara-3,0.016634485159105764,-0.016634485159105764,744,745.8358631844632,768.7522006525004
Ara-3,0.016928963805273624,-0.016928963805273624,742,741.1077303659674,761.6803088346669
Ara-3,0.017228655577800345,-0.017228655577800345,739,736.4095709518799,754.6734726405319
Ara-3,0.01753365276414644,-0.01753365276414644,736,731.7411949295663,747.7310936115377
Ara-3,0.017844049285528227,-0.017844049285528227,729,727.1024134909536,740.8525787944576
Ara-3,0.01815994072584002,-0.01815994072584002,721,722.493039024894,734.0373406907476
Ara-3,0.018481424361088364,-0.018481424361088364,716,717.9128851095768,727.2847972063722
Ara-3,0.018808599189347356,-0.018808599189347356,712,713.3617665049885,720.5943716020839
Ara-3,0.01914156596124418,-0.01914156596124418,708,708.8394991454232,713.9654924441644
Ara-3,0.019480427210984426,-0.019480427210984426,704,704.3459001320347,707.3975935556197
Ara-3,0.019825287287926586,-0.019825287287926586,702,699.8807877254413,700.890113967822
Ara-3,0.020176252388715517,-0.020176252388715517,699,695.4439813383759,694.4424978725928
Ara-3,0.02053343058998481,-0.02053343058998481,694,691.0353015283813,688.0541945747385
Ara-3,0.020896931881637992,-0.020896931881637992,690,686.6545699905525,681.7246584450083
Ara-3,0.02126686820071898,-0.02126686820071898,687,682.3016095503284,675.4533488734968
Ara-3,0.021643353465882118,-0.021643353465882118,681,677.9762441563215,669.2397302234651
Ara-3,0.022026503612472412,-0.022026503612472412,678,673.6782988732008,663.0832717855981
Ara-3,0.02241643662822685,-0.02241643662822685,675,669.4075998746157,656.9834477326676
Ara-3,0.022813272589607633,-0.022813272589607633,667,665.1639744361661,650.9397370746303
Ara-3,0.023217133698778706,-0.023217133698778706,663,660.9472509284165,644.9516236141243
Ara-3,0.023628144321236846,-0.023628144321236846,656,656.7572588099539,639.0185959023802
Ara-3,0.02404643102410891,-0.02404643102410891,650,652.5938286204934,633.1401471955409
Ara-3,0.024472122615127125,-0.024472122615127125,648,648.4567919740198,627.3157754113773
Ara-3,0.02490535018229423,-0.02490535018229423,646,644.3459815519813,621.5449830864068
Ara-3,0.025346247134250932,-0.025346247134250932,640,640.2612310965205,615.8272773334036
Ara-3,0.025794949241357907,-0.025794949241357907,637,636.2023754037505,610.1621697993025
Ara-3,0.026251594677505093,-0.026251594677505093,632,632.1692503170751,604.5491766234876
Ara-3,0.02671632406266118,-0.02671632406266118,628,628.161692720547,598.9878183964635
Ara-3,0.027189280506176233,-0.027189280506176233,627,624.1795405322722,593.4776201189107
Ara-3,0.02767060965085098,-0.02767060965085098,622,620.2226326978547,588.0181111611166
Ara-3,0.028160459717786277,-0.028160459717786277,617,616.2908091838823,582.6088252227756
Ara-3,0.028658981552026445,-0.028658981552026445,614,612.383910971455,577.249300293164
Ara-3,0.029166328669010762,-0.029166328669010762,609,608.5017800497527,571.9390786116801
Ara-3,0.029682657301847097,-0.029682657301847097,603,604.6442594096454,566.6777066287444
Ara-3,0.030208126449422605,-0.030208126449422605,601,600.8111930373422,561.4647349670628
Ara-3,0.030742897925366015,-0.030742897925366015,597,597.0024259080833,556.2997183832462
Ara-3,0.03128713640787672,-0.03128713640787672,592,593.2178039798677,551.1822157297794
Ara-3,0.03184100949043604,-0.03184100949043604,589,589.457174187224,546.1117899173437
Ara-3,0.03240468773341604,-0.03240468773341604,583,585.7203844350227,541.0880078774863
Ara-3,0.03297834471660228,-0.03297834471660228,580,582.0072835923181,536.1104405256286
Ara-3,0.033562157092646046,-0.033562157092646046,576,578.3177214862441,531.1786627244195
Ara-3,0.03415630464146305,-0.03415630464146305,574,574.6515488959345,526.2922532474252
Ara-3,0.03476097032559513,-0.03476097032559513,569,571.0086175464907,521.4507947431491
Ara-3,0.03537634034655181,-0.03537634034655181,567,567.3887801029837,516.653873699389
Ara-3,0.036002604202149624,-0.036002604202149624,563,563.7918901644964,511.901080407915
Ara-3,0.036639954744866185,-0.036639954744866185,558,560.2178022582017,507.1920089294799
Ara-3,0.037288588241227424,-0.037288588241227424,556,556.6663718334792,502.5262570591444
Ara-3,0.03794870443224625,-0.03794870443224625,554,553.1374552560683,497.90342629192577
Ara-3,0.038620506594930853,-0.038620506594930853,548,549.6309098022617,493.3231217887627
Ara-3,0.03930420160488233,-0.03930420160488233,544,546.1465936531293,488.7849523427888
Ara-3,0.04,-0.04,541,542.6843658887849,484.2885303459227
Ara-4,0.01,-0.01,841,841.2108738668155,908.8512011607081
Ara-4,0.010177029011328716,-0.010177029011328716,830,835.1059172408678,900.4905130642561
Ara-4,0.010357191949742633,-0.010357191949742633,826,829.0452663848087,892.20673646372
Ara-4,0.010540544294843095,-0.010540544294843095,822,823.0285997564274,883.9991638362089
Ara-4,0.010727142508381356,-0.010727142508381356,816,817.0555981470557,875.8670941674668
Ara-4,0.010917044051645456,-0.010917044051645456,811,811.1259446646337,867.8098328919931
Ara-4,0.011110307403154938,-0.011110307403154938,804,805.2393247168965,859.8266918337224
Ara-4,0.011306992076668802,-0.011306992076668802,799,799.395425994681,851.9169891472477
Ara-4,0.011507158639512226,-0.011507158639512226,794,793.5939384553612,844.0800492595828
Ara-4,0.01171086873122778,-0.01171086873122778,790,787.8345543063975,836.3152028124587
Ara-4,0.011918185082556742,-0.011918185082556742,786,782.1169679890041,828.6217866051556
Ara-4,0.01212917153475651,-0.01212917153475651,777,776.4408761619435,820.9991435378613
Ara-4,0.012343893059259944,-0.012343893059259944,768,770.8059776854266,813.4466225555392
Ara-4,0.012562415777682757,-0.012562415777682757,760,765.2119736051426,805.9635785923322
Ara-4,0.0127848069821851,-0.0127848069821851,753,759.6585671363921,798.5493725164579
Ara-4,0.013011135156193569,-0.013011135156193569,750,754.1454636483462,791.2033710756268
Ara-4,0.013241469995490094,-0.013241469995490094,742,748.6723706484133,783.9249468429504
Ara-4,0.01347588242967414,-0.01347588242967414,733,743.2389977667194,776.7134781633566
Ara-4,0.013714444644004856,-0.013714444644004856,729,737.8450567407068,769.5683491004904
Ara-4,0.013957230101629914,-0.013957230101629914,725,732.4902613998358,762.4889493841076
Ara-4,0.014204313566207808,-0.014204313566207808,722,727.174327650407,755.4746743579527
Ara-4,0.01445577112493069,-0.01445577112493069,716,721.8969734604857,748.524924928114
Ara-4,0.014711680211954759,-0.014711680211954759,714,716.6579188449406,741.6391075118503
Ara-4,0.014972119632245416,-0.014972119632245416,708,711.456885850587,734.8166339869
Ara-4,0.015237169585844574,-0.015237169585844574,704,706.2935985414446,728.0569216412459
Ara-4,0.01550691169256758,-0.01550691169256758,698,701.1677829840927,721.359393123341
Ara-4,0.015781429017137274,-0.015781429017137274,694,696.0791672331418,714.7234763928043
Ara-4,0.016060806094763087,-0.016060806094763087,691,691.0274813168035,708.1486046715582
Ara-4,0.016345128957172897,-0.016345128957172897,687,686.0124572225661,701.6342163954188
Ara-4,0.016634485159105764,-0.016634485159105764,683,681.0338288829773,695.1797551661335
Ara-4,0.016928963805273624,-0.016928963805273624,680,676.0913321615287,688.7846697038609
Ara-4,0.017228655577800345,-0.017228655577800345,674,671.1847048386413,682.4484138000813
Ara-4,0.01753365276414644,-0.01753365276414644,668,666.3136865977524,676.1704462709473
Ara-4,0.017844049285528227,-0.017844049285528227,663,661.4780190115073,669.9502309110613
Ara-4,0.01815994072584002,-0.01815994072584002,661,656.6774455280481,663.787236447678
Ara-4,0.018481424361088364,-0.018481424361088364,657,651.9117114573999,657.680936495323
Ara-4,0.018808599189347356,-0.018808599189347356,654,647.1805639579621,651.630809510842
Ara-4,0.01914156596124418,-0.01914156596124418,651,642.4837520230931,645.6363387488506
Ara-4,0.019480427210984426,-0.019480427210984426,649,637.8210264677906,639.6970122175983
Ara-4,0.019825287287926586,-0.019825287287926586,642,633.192139915476,633.8123226352402
Ara-4,0.020176252388715517,-0.020176252388715517,633,628.5968467848655,627.9817673865114
Ara-4,0.02053343058998481,-0.02053343058998481,629,624.0349032769448,622.2048484797949
Ara-4,0.020896931881637992,-0.020896931881637992,625,619.5060673620325,616.4810725045895
Ara-4,0.02126686820071898,-0.02126686820071898,621,615.0100987669385,610.8099505893689
Ara-4,0.021643353465882118,-0.021643353465882118,616,610.5467589622203,605.1909983598235
Ara-4,0.022026503612472412,-0.022026503612472412,612,606.1158111495231,599.6237358974917
Ara-4,0.02241643662822685,-0.02241643662822685,612,601.7170202490208,594.1076876987703
Ara-4,0.022813272589607633,-0.022813272589607633,604,597.3501528869425,588.6423826342993
Ara-4,0.023217133698778706,-0.023217133698778706,599,593.0149773831895,583.2273539087253
Ara-4,0.023628144321236846,-0.023628144321236846,592,588.7112637390475,577.8621390208285
Ara-4,0.02404643102410891,-0.02404643102410891,590,584.4387836249794,572.5462797240244
Ara-4,0.024472122615127125,-0.024472122615127125,583,580.1973103685167,567.279321987221
Ara-4,0.02490535018229423,-0.02490535018229423,576,575.9866189422286,562.060815956041
Ara-4,0.025346247134250932,-0.025346247134250932,570,571.8064859517873,556.8903159144013
Ara-4,0.025794949241357907,-0.025794949241357907,566,567.6566896241146,551.7673802464408
Ara-4,0.026251594677505093,-0.026251594677505093,562,563.5370097956143,546.6915713988035
Ara-4,0.02671632406266118,-0.02671632406266118,562,559.4472279004943,541.6624558432678
Ara-4,0.027189280506176233,-0.027189280506176233,558,555.3871269591701,536.6796040397161
Ara-4,0.02767060965085098,-0.02767060965085098,553,551.356491566751,531.7425903994487
Ara-4,0.028160459717786277,-0.028160459717786277,547,547.3551078816154,526.8509932488349
Ara-4,0.028658981552026445,-0.028658981552026445,545,543.3827636140622,522.0043947932974
Ara-4,0.029166328669010762,-0.029166328669010762,537,539.4392480150512,517.2023810816241
Ara-4,0.029682657301847097,-0.029682657301847097,535,535.5243518650203,512.4445419706198
Ara-4,0.030208126449422605,-0.030208126449422605,528,531.6378674627842,507.73047109006825
Ara-4,0.030742897925366015,-0.030742897925366015,525,527.7795886145187,503.0597658080294
Ara-4,0.03128713640787672,-0.03128713640787672,523,523.949310622817,498.43202719644586
Ara-4,0.03184100949043604,-0.03184100949043604,520,520.1468302758334,493.84685999707403
Ara-4,0.03240468773341604,-0.03240468773341604,516,516.3719458365001,489.30387258772186
Ara-4,0.03297834471660228,-0.03297834471660228,512,512.6244570318236,484.8026769488012
Ara-4,0.033562157092646046,-0.033562157092646046,507,508.9041650422619,480.3428886301882
Ara-4,0.03415630464146305,-0.03415630464146305,503,505.2108724911732,475.9241267183848
Ara-4,0.03476097032559513,-0.03476097032559513,497,501.544383434347,471.54601380398543
Ara-4,0.03537634034655181,-0.03537634034655181,493,497.9045033496077,467.208175949444
Ara-4,0.036002604202149624,-0.036002604202149624,489,494.29103912649225,462.91024265713247
Ara-4,0.036639954744866185,-0.036639954744866185,485,490.70379905600873,458.65184683769974
Ara-4,0.037288588241227424,-0.037288588241227424,483,487.1425928204614,454.4326247787154
Ara-4,0.03794870443224625,-0.03794870443224625,481,483.6072314833569,450.25221611360615
Ara-4,0.038620506594930853,-0.038620506594930853,479,480.09752747937887,446.1102637908777
Ara-4,0.03930420160488233,-0.03930420160488233,475,476.6132946044358,442.0064140436161
Ara-4,0.04,-0.04,472,473.15434800578487,437.94031635927536
Ara-5,0.01,-0.01,953,965.2465484811262,975.1147372726783
Ara-5,0.010177029011328716,-0.010177029011328716,949,956.6133736082234,966.1444788121308
Ara-5,0.010357191949742633,-0.010357191949742633,943,948.0574139385278,957.2567393965454
Ara-5,0.010540544294843095,-0.010540544294843095,935,939.5779788584827,948.4507599181675
Ara-5,0.010727142508381356,-0.010727142508381356,933,931.1743839313856,939.7257882524073
Ara-5,0.010917044051645456,-0.010917044051645456,929,922.8459508421424,931.0810791936112
Ara-5,0.011110307403154938,-0.011110307403154938,924,914.5920073425182,922.515894391409
Ara-5,0.011306992076668802,-0.011306992076668802,918,906.4118871968707,914.029502287645
Ara-5,0.011507158639512226,-0.011507158639512226,902,898.3049301283759,905.6211780539054
Ara-5,0.01171086873122778,-0.01171086873122778,895,890.270481765735,897.2902035296045
Ara-5,0.011918185082556742,-0.011918185082556742,888,882.3078935903499,889.0358671606455
Ara-5,0.01212917153475651,-0.01212917153475651,882,874.4165228839798,880.8574639386475
Ara-5,0.012343893059259944,-0.012343893059259944,875,866.5957326768645,872.7542953407317
Ara-5,0.012562415777682757,-0.012562415777682757,863,858.8448916963054,864.7256692698601
Ara-5,0.0127848069821851,-0.0127848069821851,859,851.1633743157133,856.7708999957165
Ara-5,0.013011135156193569,-0.013011135156193569,847,843.550560504112,848.889308096148
Ara-5,0.013241469995490094,-0.013241469995490094,838,836.0058357760861,841.0802203991301
Ara-5,0.01347588242967414,-0.01347588242967414,827,828.5285911421848,833.3429699252657
Ara-5,0.013714444644004856,-0.013714444644004856,819,821.1182230597651,825.676895830828
Ara-5,0.013957230101629914,-0.013957230101629914,810,813.7741333842748,818.0813433513117
Ara-5,0.014204313566207808,-0.014204313566207808,804,806.4957293209741,810.5556637455057
Ara-5,0.01445577112493069,-0.01445577112493069,799,799.2824233770857,803.0992142400921
Ara-5,0.014711680211954759,-0.014711680211954759,792,792.13363331437,795.711357974741
Ara-5,0.014972119632245416,-0.014972119632245416,785,785.0487821021355,788.3914639477149
Ara-5,0.015237169585844574,-0.015237169585844574,772,778.0272978706599,781.1389069619796
Ara-5,0.01550691169256758,-0.01550691169256758,769,771.0686138650248,773.9530675717996
Ara-5,0.015781429017137274,-0.015781429017137274,763,764.1721683993784,766.8333320298368
Ara-5,0.016060806094763087,-0.016060806094763087,757,757.33740481159,759.7790922347227
Ara-5,0.016345128957172897,-0.016345128957172897,751,750.5637714183209,752.7897456791283
Ara-5,0.016634485159105764,-0.016634485159105764,745,743.8507214704955,745.8646953982983
Ara-5,0.016928963805273624,-0.016928963805273624,737,737.1977131091656,739.0033499190645
Ara-5,0.017228655577800345,-0.017228655577800345,731,730.6042093217756,732.2051232093283
Ara-5,0.01753365276414644,-0.01753365276414644,723,724.0696778988147,725.4694346280075
Ara-5,0.017844049285528227,-0.017844049285528227,713,717.5935913908617,718.7957088754445
Ara-5,0.01815994072584002,-0.01815994072584002,704,711.1754270660052,712.1833759442658
Ara-5,0.018481424361088364,-0.018481424361088364,696,704.8146668676573,705.6318710707025
Ara-5,0.018808599189347356,-0.018808599189347356,686,698.510797372728,699.1406346863488
Ara-5,0.01914156596124418,-0.01914156596124418,682,692.263309750194,692.7091123703707
Ara-5,0.019480427210984426,-0.019480427210984426,679,686.0716997200186,686.336754802154
Ara-5,0.019825287287926586,-0.019825287287926586,673,679.9354675124512,680.0230177143856
Ara-5,0.020176252388715517,-0.020176252388715517,670,673.8541178276885,673.767361846563
Ara-5,0.02053343058998481,-0.02053343058998481,664,667.827159795892,667.5692528989441
Ara-5,0.020896931881637992,-0.020896931881637992,657,661.8541069375681,661.4281614869043
Ara-5,0.02126686820071898,-0.02126686820071898,651,655.9344771243021,655.3435630957274
Ara-5,0.021643353465882118,-0.021643353465882118,645,650.0677925398393,649.3149380358012
Ara-5,0.022026503612472412,-0.022026503612472412,641,644.2535796415187,643.3417713982365
Ara-5,0.02241643662822685,-0.02241643662822685,638,638.4913691220494,637.4235530108803
Ara-5,0.022813272589607633,-0.022813272589607633,633,632.780695871631,631.5597773947502
Ara-5,0.023217133698778706,-0.023217133698778706,628,627.1210989404079,625.7499437208565
Ara-5,0.023628144321236846,-0.023628144321236846,624,621.5121215012667,619.9935557674254
Ara-5,0.02404643102410891,-0.02404643102410891,622,615.9533108129588,614.2901218775196
Ara-5,0.024472122615127125,-0.024472122615127125,616,610.4442181835581,608.6391549170421
Ara-5,0.02490535018229423,-0.02490535018229423,613,604.9843989342442,603.0401722331322
Ara-5,0.025346247134250932,-0.025346247134250932,607,599.5734123634074,597.4926956129403
Ara-5,0.025794949241357907,-0.025794949241357907,607,594.2108217110798,591.9962512427851
Ara-5,0.026251594677505093,-0.026251594677505093,597,588.8961941236771,586.5503696676839
Ara-5,0.02671632406266118,-0.02671632406266118,591,583.6291006190619,581.1545857512549
Ara-5,0.027189280506176233,-0.027189280506176233,581,578.4091160519191,575.808438635991
Ara-5,0.02767060965085098,-0.02767060965085098,572,573.2358190794358,570.5114717038989
Ara-5,0.028160459717786277,-0.028160459717786277,569,568.1087921272936,565.2632325374958
Ara-5,0.028658981552026445,-0.028658981552026445,560,563.0276213559646,560.0632728811703
Ara-5,0.029166328669010762,-0.029166328669010762,556,557.9918966273041,554.9111486028975
Ara-5,0.029682657301847097,-0.029682657301847097,553,553.0012114714474,549.8064196563025
Ara-5,0.030208126449422605,-0.030208126449422605,547,548.0551630540015,544.7486500430774
Ara-5,0.030742897925366015,-0.030742897925366015,543,543.1533521435272,539.7374077757438
Ara-5,0.03128713640787672,-0.03128713640787672,541,538.2953830793155,534.7722648407536
Ara-5,0.03184100949043604,-0.03184100949043604,538,533.4808637394503,529.8527971619332
Ara-5,0.03240468773341604,-0.03240468773341604,535,528.7094055091598,524.9785845642648
Ara-5,0.03297834471660228,-0.03297834471660228,531,523.9806232494443,520.1492107379959
Ara-5,0.033562157092646046,-0.033562157092646046,524,519.294135265992,515.364263203083
Ara-5,0.03415630464146305,-0.03415630464146305,516,514.6495632783701,510.62333327396385
Ara-5,0.03476097032559513,-0.03476097032559513,509,510.0465323894878,505.92601602464686
Ara-5,0.03537634034655181,-0.03537634034655181,504,505.48467105533996,501.27191025413066
Ara-5,0.036002604202149624,-0.036002604202149624,500,500.9636110550117,496.6606184521333
Ara-5,0.036639954744866185,-0.036639954744866185,496,496.4829874609628,492.0917467651442
Ara-5,0.037288588241227424,-0.037288588241227424,489,492.0424386095669,487.5649049627818
Ara-5,0.03794870443224625,-0.03794870443224625,480,487.64160607192076,483.079706404465
Ara-5,0.038620506594930853,-0.038620506594930853,478,483.2801346249142,478.6357680063915
Ara-5,0.03930420160488233,-0.03930420160488233,476,478.9576722225547,474.23271020881486
Ara-5,0.04,-0.04,474,474.6738699675529,469.8701569436298
Ara-6,0.01,-0.01,1027,1042.5916071497861,1012.292821831101
Ara-6,0.010177029011328716,-0.010177029011328716,1018,1032.229641006382,1002.9805553844063
Ara-6,0.010357191949742633,-0.010357191949742633,1012,1021.9706589476579,993.7539541765675
Ara-6,0.010540544294843095,-0.010540544294843095,1004,1011.8136374495513,984.6122301574145
Ara-6,0.010727142508381356,-0.010727142508381356,994,1001.7575631604549,975.5546025261973
Ara-6,0.010917044051645456,-0.010917044051645456,984,991.8014328001266,966.5802976648921
Ara-6,0.011110307403154938,-0.011110307403154938,974,981.9442530595869,957.688549072128
Ara-6,0.011306992076668802,-0.011306992076668802,965,972.1850405020176,948.8785972977224
Ara-6,0.011507158639512226,-0.011507158639512226,954,962.5228214646468,940.1496898778132
Ara-6,0.01171086873122778,-0.01171086873122778,952,952.9566319616102,931.5010812705892
Ara-6,0.011918185082556742,-0.011918185082556742,945,943.4855175877739,922.9320327926142
Ara-6,0.01212917153475651,-0.01212917153475651,934,934.1085334235122,914.4418125557394
Ara-6,0.012343893059259944,-0.012343893059259944,924,924.8247439404375,906.0296954045825
Ara-6,0.012562415777682757,-0.012562415777682757,916,915.6332229080651,897.6949628546042
Ara-6,0.0127848069821851,-0.0127848069821851,901,906.5330533013995,889.4369030307311
Ara-6,0.013011135156193569,-0.013011135156193569,891,897.5233272094501,881.2548106065618
Ara-6,0.013241469995490094,-0.013241469995490094,884,888.6031457446444,873.1479867441184
Ara-6,0.01347588242967414,-0.01347588242967414,876,879.7716189531529,865.1157390341639
Ara-6,0.013714444644004856,-0.013714444644004856,867,871.0278657260951,857.1573814370579
Ara-6,0.013957230101629914,-0.013957230101629914,858,862.3710137116336,849.2722342241643
Ara-6,0.014204313566207808,-0.014204313566207808,853,853.8001992279438,841.4596239197958
Ara-6,0.01445577112493069,-0.01445577112493069,845,845.3145671770427,833.718883243692
Ara-6,0.014711680211954759,-0.014711680211954759,842,836.9132709594764,826.0493510540208
Ara-6,0.014972119632245416,-0.014972119632245416,837,828.5954723898572,818.4503722909188
Ara-6,0.015237169585844574,-0.015237169585844574,826,820.3603416132412,810.9212979205382
Ara-6,0.01550691169256758,-0.01550691169256758,819,812.20705702233,803.4614848796075
Ara-6,0.015781429017137274,-0.015781429017137274,809,804.1348051755057,796.0702960205157
Ara-6,0.016060806094763087,-0.016060806094763087,796,796.1427807156692,788.7471000568887
Ara-6,0.016345128957172897,-0.016345128957172897,791,788.2301862898961,781.4912715096691
Ara-6,0.016634485159105764,-0.016634485159105764,783,780.3962324698828,774.302190653696
Ara-6,0.016928963805273624,-0.016928963805273624,777,772.6401376731886,767.1792434647751
Ara-6,0.017228655577800345,-0.017228655577800345,770,764.9611280852529,760.1218215672309
Ara-6,0.01753365276414644,-0.01753365276414644,760,757.3584375822008,753.1293221819467
Ara-6,0.017844049285528227,-0.017844049285528227,751,749.8313076544036,746.2011480748821
Ara-6,0.01815994072584002,-0.01815994072584002,744,742.3789873308023,739.3367075060627
Ara-6,0.018481424361088364,-0.018481424361088364,737,735.0007331039858,732.5354141790338
Ara-6,0.018808599189347356,-0.018808599189347356,729,727.6958088560144,725.7966871907929
Ara-6,0.01914156596124418,-0.01914156596124418,723,720.4634857849742,719.1199509821698
Ara-6,0.019480427210984426,-0.019480427210984426,717,713.3030423322675,712.5046352886666
Ara-6,0.019825287287926586,-0.019825287287926586,712,706.2137641106252,705.9501750917525
Ara-6,0.020176252388715517,-0.020176252388715517,704,699.1949438328325,699.4560105706076
Ara-6,0.02053343058998481,-0.02053343058998481,696,692.2458812411618,693.0215870543038
Ara-6,0.020896931881637992,-0.020896931881637992,691,685.3658830375111,686.646354974432
Ara-6,0.02126686820071898,-0.02126686820071898,685,678.5542628142356,680.3297698181653
Ara-6,0.021643353465882118,-0.021643353465882118,678,671.8103409856641,674.0712920817479
Ara-6,0.022026503612472412,-0.022026503612472412,668,665.133444720297,667.8703872244171
Ara-6,0.02241643662822685,-0.02241643662822685,666,658.52290787368,661.7265256227503
Ara-6,0.022813272589607633,-0.022813272589607633,659,651.9780709219447,655.6391825254253
Ara-6,0.023217133698778706,-0.023217133698778706,654,645.4982808960082,649.6078380084052
Ara-6,0.023628144321236846,-0.023628144321236846,649,639.0828913164253,643.6319769305268
Ara-6,0.02404643102410891,-0.02404643102410891,644,632.7312621288922,637.7110888895071
Ara-6,0.024472122615127125,-0.024472122615127125,639,626.4427596403907,631.8446681783447
Ara-6,0.02490535018229423,-0.02490535018229423,629,620.2167564559616,626.0322137421298
Ara-6,0.025346247134250932,-0.025346247134250932,617,614.0526314161125,620.2732291352494
Ara-6,0.025794949241357907,-0.025794949241357907,608,607.949769534847,614.5672224789828
Ara-6,0.026251594677505093,-0.026251594677505093,605,601.9075619383065,608.9137064194914
Ara-6,0.02671632406266118,-0.02671632406266118,601,595.9254058040236,603.3121980861954
Ara-6,0.027189280506176233,-0.027189280506176233,597,590.0027043007797,597.7622190505275
Ara-6,0.02767060965085098,-0.02767060965085098,590,584.1388665290614,592.2632952850724
Ara-6,0.028160459717786277,-0.028160459717786277,583,578.3333074621061,586.8149571230808
Ara-6,0.028658981552026445,-0.028658981552026445,575,572.5854478875337,581.4167392183538
Ara-6,0.029166328669010762,-0.029166328669010762,568,566.8947143495608,576.068180505494
Ara-6,0.029682657301847097,-0.029682657301847097,559,561.2605390917886,570.7688241605323
Ara-6,0.030208126449422605,-0.030208126449422605,554,555.6823600005558,565.5182175619044
Ara-6,0.030742897925366015,-0.030742897925366015,548,550.159620548861,560.3159122517962
Ara-6,0.03128713640787672,-0.03128713640787672,542,544.6917697408348,555.161463897837
Ara-6,0.03184100949043604,-0.03184100949043604,535,539.2782620567715,550.0544322551526
Ara-6,0.03240468773341604,-0.03240468773341604,526,533.9185573987019,544.9943811287602
Ara-6,0.03297834471660228,-0.03297834471660228,515,528.6121210365054,539.9808783363145
Ara-6,0.033562157092646046,-0.033562157092646046,513,523.3584235545668,535.0134956711958
Ara-6,0.03415630464146305,-0.03415630464146305,512,518.1569407989531,530.0918088659336
Ara-6,0.03476097032559513,-0.03476097032559513,509,513.0071538251192,525.2153975559717
Ara-6,0.03537634034655181,-0.03537634034655181,505,507.90854884613657,520.3838452437654
Ara-6,0.036002604202149624,-0.036002604202149624,501,502.86061718142963,515.5967392632051
Ara-6,0.036639954744866185,-0.036639954744866185,495,497.8628552060293,510.8536707443738
Ara-6,0.037288588241227424,-0.037288588241227424,492,492.9147643003237,506.1542345786224
Ara-6,0.03794870443224625,-0.03794870443224625,484,488.01585080031305,501.4980293839699
Ara-6,0.038620506594930853,-0.038620506594930853,479,483.16562594835875,496.88465747082296
Ara-6,0.03930420160488233,-0.03930420160488233,474,478.36360584441775,492.31372480800553
Ara-6,0.04,-0.04,466,473.60931139776784,487.78484098910815
Ara+1,0.01,-0.01,854,855.681223039873,891.1399542099283
Ara+1,0.010177029011328716,-0.010177029011328716,847,848.6815998829459,882.9421951070956
Ara+1,0.010357191949742633,-0.010357191949742633,839,841.7392348766242,874.8198486866253
Ara+1,0.010540544294843095,-0.010540544294843095,832,834.8536596391482,866.7722212134894
Ara+1,0.010727142508381356,-0.010727142508381356,826,828.0244096202038,858.7986253344495
Ara+1,0.010917044051645456,-0.010917044051645456,815,821.2510240695799,850.8983800193596
Ara+1,0.011110307403154938,-0.011110307403154938,807,814.5330460060836,843.0708105029944
Ara+1,0.011306992076668802,-0.011306992076668802,797,807.870022186708,835.3152482274127
Ara+1,0.011507158639512226,-0.011507158639512226,788,801.2615030760558,827.631030784864
Ara+1,0.01171086873122778,-0.01171086873122778,782,794.7070428160056,820.0175018612072
Ara+1,0.011918185082556742,-0.011918185082556742,778,788.206199195637,812.4740111798532
Ara+1,0.01212917153475651,-0.01212917153475651,775,781.7585336213906,804.9999144462257
Ara+1,0.012343893059259944,-0.012343893059259944,770,775.3636110874803,797.5945732927337
Ara+1,0.012562415777682757,-0.012562415777682757,765,769.0210001465439,790.2573552242466
Ara+1,0.0127848069821851,-0.0127848069821851,758,762.7302728805348,782.9876335640677
Ara+1,0.013011135156193569,-0.013011135156193569,754,756.4910048718513,775.7847874004179
Ara+1,0.013241469995490094,-0.013241469995490094,746,750.3027751747017,768.6482015333992
Ara+1,0.01347588242967414,-0.01347588242967414,738,744.1651662867072,761.5772664224451
Ara+1,0.013714444644004856,-0.013714444644004856,734,738.0777641207301,754.5713781342683
Ara+1,0.013957230101629914,-0.013957230101629914,733,732.0401579769381,747.6299382912742
Ara+1,0.014204313566207808,-0.014204313566207808,726,726.0519405150981,740.7523540204489
Ara+1,0.01445577112493069,-0.01445577112493069,716,720.11270772709,733.9380379027295
Ara+1,0.014711680211954759,-0.014711680211954759,709,714.2220589096517,727.1864079228275
Ara+1,0.014972119632245416,-0.014972119632245416,708,708.3795966373439,720.4968874195173
Ara+1,0.015237169585844574,-0.015237169585844574,702,702.5849267357391,713.868905036388
Ara+1,0.01550691169256758,-0.01550691169256758,698,696.8376582548248,707.301894673038
Ara+1,0.015781429017137274,-0.015781429017137274,696,691.1374034426275,700.7952954367296
Ara+1,0.016060806094763087,-0.016060806094763087,693,685.4837777190559,694.3485515944756
Ara+1,0.016345128957172897,-0.016345128957172897,686,679.8763996499492,687.9611125255816
Ara+1,0.016634485159105764,-0.016634485159105764,681,674.3148909213462,681.6324326746129
Ara+1,0.016928963805273624,-0.016928963805273624,672,668.7988763139602,675.3619715047976
Ara+1,0.017228655577800345,-0.017228655577800345,666,663.3279836778647,669.1491934518608
Ara+1,0.01753365276414644,-0.01753365276414644,661,657.9018439073845,662.9935678782806
Ara+1,0.017844049285528227,-0.017844049285528227,658,652.5200909161955,656.8945690279683
Ara+1,0.01815994072584002,-0.01815994072584002,656,647.1823616126225,650.8516759813589
Ara+1,0.018481424361088364,-0.018481424361088364,652,641.8882958751446,644.8643726109242
Ara+1,0.018808599189347356,-0.018808599189347356,649,636.6375365280984,638.9321475370854
Ara+1,0.01914156596124418,-0.01914156596124418,644,631.4297293175813,633.0544940845377
Ara+1,0.019480427210984426,-0.019480427210984426,638,626.2645228875489,627.2309102389764
Ara+1,0.019825287287926586,-0.019825287287926586,632,621.1415687561115,621.4608986042182
Ara+1,0.020176252388715517,-0.020176252388715517,629,616.0605212920219,615.743966359715
Ara+1,0.02053343058998481,-0.02053343058998481,620,611.0210376913595,610.0796252184687
Ara+1,0.020896931881637992,-0.020896931881637992,617,606.0227779543982,604.4673913853195
Ara+1,0.02126686820071898,-0.02126686820071898,609,601.0654048626701,598.90678551563
Ara+1,0.021643353465882118,-0.021643353465882118,602,596.1485839562133,593.3973326743393
Ara+1,0.022026503612472412,-0.022026503612472412,599,591.271983511009,587.9385622954036
Ara+1,0.02241643662822685,-0.02241643662822685,592,586.4352745165977,582.5300081415982
Ara+1,0.022813272589607633,-0.022813272589607633,588,581.6381306538838,577.1712082647031
Ara+1,0.023217133698778706,-0.023217133698778706,580,576.880228273119,571.8617049660435
Ara+1,0.023628144321236846,-0.023628144321236846,576,572.1612463720685,566.601044757397
Ara+1,0.02404643102410891,-0.02404643102410891,573,567.4808665743508,561.3887783222638
Ara+1,0.024472122615127125,-0.024472122615127125,568,562.8387731079598,556.2244604774875
Ara+1,0.02490535018229423,-0.02490535018229423,560,558.2346527839594,551.1076501352329
Ara+1,0.025346247134250932,-0.025346247134250932,554,553.6681949753561,546.0379102653123
Ara+1,0.025794949241357907,-0.025794949241357907,550,549.1390915961377,541.0148078578591
Ara+1,0.026251594677505093,-0.026251594677505093,544,544.6470370804913,536.0379138863435
Ara+1,0.02671632406266118,-0.02671632406266118,539,540.1917283621851,531.1068032709283
Ara+1,0.027189280506176233,-0.027189280506176233,537,535.7728648541231,526.221054842163
Ara+1,0.02767060965085098,-0.02767060965085098,530,531.3901484280653,521.3802513050135
Ara+1,0.028160459717786277,-0.028160459717786277,523,527.0432833945122,516.5839792032175
Ara+1,0.028658981552026445,-0.028658981552026445,513,522.7319764827567,511.831828883972
Ara+1,0.029166328669010762,-0.029166328669010762,511,518.4559368210978,507.12339446294646
Ara+1,0.029682657301847097,-0.029682657301847097,510,514.2148759172171,502.4582737896131
Ara+1,0.030208126449422605,-0.030208126449422605,504,510.00850763871296,497.8360684129002
Ara+1,0.030742897925366015,-0.030742897925366015,499,505.8365481937978,493.2563835471614
Ara+1,0.03128713640787672,-0.03128713640787672,498,501.69871611215075,488.7188280384545
Ara+1,0.03184100949043604,-0.03184100949043604,495,497.5947322259273,484.2230143311335
Ara+1,0.03240468773341604,-0.03240468773341604,490,493.5243196509266,479.7685584347491
Ara+1,0.03297834471660228,-0.03297834471660228,487,489.48720376790766,475.35507989124875
Ara+1,0.033562157092646046,-0.033562157092646046,484,485.4831122040637,470.982201742483
Ara+1,0.03415630464146305,-0.03415630464146305,481,481.51177481464634,466.6495504980107
Ara+1,0.03476097032559513,-0.03476097032559513,476,477.5729236647379,462.3567561031955
Ara+1,0.03537634034655181,-0.03537634034655181,471,473.6662930111758,458.103451907603
Ara+1,0.036002604202149624,-0.036002604202149624,466,469.7916192846234,453.8892746336814
Ara+1,0.036639954744866185,-0.036639954744866185,461,465.9486410717872,449.713864345737
Ara+1,0.037288588241227424,-0.037288588241227424,457,462.13709909778174,445.5768644191891
Ara+1,0.03794870443224625,-0.03794870443224625,455,458.3567362086343,441.4779215101116
Ara+1,0.038620506594930853,-0.038620506594930853,453,454.6072973539383,437.41668552505485
Ara+1,0.03930420160488233,-0.03930420160488233,451,450.8885295696435,433.39280959114114
Ara+1,0.04,-0.04,447,447.2001819609904,429.4059500264413
Ara+2,0.01,-0.01,1202,1215.788137726388,1124.4253067204336
Ara+2,0.010177029011328716,-0.010177029011328716,1187,1202.2238495960323,1114.081513077161
Ara+2,0.010357191949742633,-0.010357191949742633,1178,1188.8108953262185,1103.832873879714
Ara+2,0.010540544294843095,-0.010540544294843095,1166,1175.5475865174444,1093.6785137849797
Ara+2,0.010727142508381356,-0.010727142508381356,1153,1162.4322536073148,1083.6175655022791
Ara+2,0.010917044051645456,-0.010917044051645456,1147,1149.4632456603927,1073.6491697193044
Ara+2,0.011110307403154938,-0.011110307403154938,1137,1136.6389301603674,1063.7724750287182
Ara+2,0.011306992076668802,-0.011306992076668802,1127,1123.9576928045674,1053.9866378554293
Ara+2,0.011507158639512226,-0.011507158639512226,1118,1111.4179373007485,1044.2908223845534
Ara+2,0.01171086873122778,-0.01171086873122778,1111,1099.0180851661619,1034.6842004900186
Ara+2,0.011918185082556742,-0.011918185082556742,1099,1086.7565755288467,1025.1659516638347
Ara+2,0.01212917153475651,-0.01212917153475651,1089,1074.6318649311609,1015.7352629460136
Ara+2,0.012343893059259944,-0.012343893059259944,1083,1062.6424271354877,1006.3913288551366
Ara+2,0.012562415777682757,-0.012562415777682757,1069,1050.7867529321175,997.1333513195566
Ara+2,0.0127848069821851,-0.0127848069821851,1060,1039.06334994927,987.9605396092276
Ara+2,0.013011135156193569,-0.013011135156193569,1046,1027.470742465238,978.8721102681794
Ara+2,0.013241469995490094,-0.013241469995490094,1026,1016.0074712226257,969.8672870475958
Ara+2,0.01347588242967414,-0.01347588242967414,1008,1004.6720932446574,960.9453008395103
Ara+2,0.013714444644004856,-0.013714444644004856,998,993.463181653546,952.105389611126
Ara+2,0.013957230101629914,-0.013957230101629914,979,982.3793254908687,943.3467983397248
Ara+2,0.014204313566207808,-0.014204313566207808,973,971.4191295399675,934.6687789481753
Ara+2,0.01445577112493069,-0.01445577112493069,960,960.581214150316,926.0705902410491
Ara+2,0.014711680211954759,-0.014711680211954759,950,949.8642150638575,917.5514978413092
Ara+2,0.014972119632245416,-0.014972119632245416,937,939.2667832432644,909.1107741275847
Ara+2,0.015237169585844574,-0.015237169585844574,927,928.7875847021365,900.7476981720293
Ara+2,0.01550691169256758,-0.01550691169256758,915,918.425300337068,892.4615556787409
Ara+2,0.015781429017137274,-0.015781429017137274,908,908.1786257616141,884.251638922759
Ara+2,0.016060806094763087,-0.016060806094763087,895,898.0462711420847,876.1172466896094
Ara+2,0.016345128957172897,-0.016345128957172897,886,888.0269610351916,868.0576842154222
Ara+2,0.016634485159105764,-0.016634485159105764,872,878.1194342274936,860.0722631275866
Ara+2,0.016928963805273624,-0.016928963805273624,861,868.3224435766379,852.1603013859551
Ara+2,0.017228655577800345,-0.017228655577800345,855,858.6347558543731,844.3211232245933
Ara+2,0.01753365276414644,-0.01753365276414644,846,849.0551515913083,836.5540590940599
Ara+2,0.017844049285528227,-0.017844049285528227,833,839.5824249234173,828.8584456042237
Ara+2,0.01815994072584002,-0.01815994072584002,824,830.2153834402343,821.2336254675969
Ara+2,0.018481424361088364,-0.018481424361088364,815,820.9528480347684,813.6789474432028
Ara+2,0.018808599189347356,-0.018808599189347356,803,811.7936527550669,806.1937662809466
Ara+2,0.01914156596124418,-0.01914156596124418,796,802.7366446574597,798.7774426665076
Ara+2,0.019480427210984426,-0.019480427210984426,791,793.7806836614164,791.4293431667348
Ara+2,0.019825287287926586,-0.019825287287926586,783,784.9246424060473,784.1488401755458
Ara+2,0.020176252388715517,-0.020176252388715517,778,776.1674061081816,776.9353118603166
Ara+2,0.02053343058998481,-0.02053343058998481,765,767.507872422049,769.7881421087797
Ara+2,0.020896931881637992,-0.020896931881637992,756,758.944951300514,762.7067204763938
Ara+2,0.02126686820071898,-0.02126686820071898,747,750.4775648578642,755.6904421342108
Ara+2,0.021643353465882118,-0.021643353465882118,743,742.104647234127,748.7387078172118
Ara+2,0.022026503612472412,-0.022026503612472412,735,733.8251444609022,741.8509237731297
Ara+2,0.02241643662822685,-0.02241643662822685,728,725.6380143286891,735.0265017117281
Ara+2,0.022813272589607633,-0.022813272589607633,717,717.542226255694,728.2648587545639
Ara+2,0.023217133698778706,-0.023217133698778706,709,709.5367611581074,721.5654173851984
Ara+2,0.023628144321236846,-0.023628144321236846,696,701.6206113218153,714.9276053998703
Ara+2,0.02404643102410891,-0.02404643102410891,690,693.7927802755592,708.3508558586276
Ara+2,0.024472122615127125,-0.024472122615127125,685,686.0522826654927,701.8346070369004
Ara+2,0.02490535018229423,-0.02490535018229423,678,678.3981441311544,695.3783023775266
Ara+2,0.025346247134250932,-0.025346247134250932,674,670.8294011828125,688.9813904432139
Ara+2,0.025794949241357907,-0.025794949241357907,666,663.3451010801866,682.6433248694441
Ara+2,0.026251594677505093,-0.026251594677505093,657,655.9443017125122,676.3635643178055
Ara+2,0.02671632406266118,-0.02671632406266118,650,648.6260714799552,670.1415724297563
Ara+2,0.027189280506176233,-0.027189280506176233,645,641.389489176341,663.9768177808147
Ara+2,0.02767060965085098,-0.02767060965085098,635,634.2336438731954,657.8687738351716
Ara+2,0.028160459717786277,-0.028160459717786277,626,627.157634805078,651.8169189007151
Ara+2,0.028658981552026445,-0.028658981552026445,618,620.160571256196,645.8207360844742
Ara+2,0.029166328669010762,-0.029166328669010762,614,613.2415724482825,639.8797132484726
Ara+2,0.029682657301847097,-0.029682657301847097,606,606.3997674297229,633.9933429659827
Ara+2,0.030208126449422605,-0.030208126449422605,597,599.6342949659277,628.1611224781884
Ara+2,0.030742897925366015,-0.030742897925366015,591,592.9443034309128,622.3825536512451
Ara+2,0.03128713640787672,-0.03128713640787672,578,586.3289507001072,616.6571429337307
Ara+2,0.03184100949043604,-0.03184100949043604,574,579.7874040443395,610.9844013144929
Ara+2,0.03240468773341604,-0.03240468773341604,568,573.3188400250239,605.3638442808838
Ara+2,0.03297834471660228,-0.03297834471660228,561,566.9224443904985,599.7949917773741
Ara+2,0.033562157092646046,-0.033562157092646046,555,560.5974119735357,594.2773681645531
Ara+2,0.03415630464146305,-0.03415630464146305,551,554.3429465899859,588.8105021785053
Ara+2,0.03476097032559513,-0.03476097032559513,549,548.158260938554,583.3939268905559
Ara+2,0.03537634034655181,-0.03537634034655181,545,542.0425765016998,578.0271796673944
Ara+2,0.036002604202149624,-0.036002604202149624,540,535.9951234476348,572.7098021315564
Ara+2,0.036639954744866185,-0.036639954744866185,530,530.0151405334201,567.4413401222776
Ara+2,0.037288588241227424,-0.037288588241227424,526,524.1018750091395,562.2213436566997
Ara+2,0.03794870443224625,-0.03794870443224625,524,518.2545825231492,557.0493668914393
Ara+2,0.038620506594930853,-0.038620506594930853,520,512.4725270283758,551.9249680845087
Ara+2,0.03930420160488233,-0.03930420160488233,516,506.7549806896664,546.8477095575837
Ara+2,0.04,-0.04,509,501.10122379216745,541.8171576586248
Ara+3,0.01,-0.01,1075,1077.3703226470639,1112.4327504253372
Ara+3,0.010177029011328716,-0.010177029011328716,1069,1068.3252298769487,1102.199278496482
Ara+3,0.010357191949742633,-0.010357191949742633,1062,1059.3560754369514,1092.059946143865
Ara+3,0.010540544294843095,-0.010540544294843095,1052,1050.4622217846922,1082.01388736034
Ara+3,0.010727142508381356,-0.010727142508381356,1047,1041.6430367302917,1072.060244105321
Ara+3,0.010917044051645456,-0.010917044051645456,1038,1032.8978933914434,1062.198166231491
Ara+3,0.011110307403154938,-0.011110307403154938,1027,1024.2261701488492,1052.4268114121942
Ara+3,0.011306992076668802,-0.011306992076668802,1018,1015.627250602027,1042.745345069492
Ara+3,0.011507158639512226,-0.011507158639512226,1011,1007.1005235255085,1033.1529403028821
Ara+3,0.01171086873122778,-0.01171086873122778,1000,998.6453828253848,1023.6487778186679
Ara+3,0.011918185082556742,-0.011918185082556742,990,990.2612274962235,1014.2320458599855
Ara+3,0.01212917153475651,-0.01212917153475651,981,981.9474615783503,1004.9019401374741
Ara+3,0.012343893059259944,-0.012343893059259944,973,973.7034941154886,995.6576637605713
Ara+3,0.012562415777682757,-0.012562415777682757,966,965.5287391127532,986.4984271694627
Ara+3,0.0127848069821851,-0.0127848069821851,962,957.4226154949895,977.4234480676342
Ara+3,0.013011135156193569,-0.013011135156193569,955,949.3845470654815,968.4319513550639
Ara+3,0.013241469995490094,-0.013241469995490094,949,941.4139624649882,959.5231690620128
Ara+3,0.01347588242967414,-0.01347588242967414,941,933.5102951311269,950.6963402834391
Ara+3,0.013714444644004856,-0.013714444644004856,930,925.6729832581094,941.950711114003
Ara+3,0.013957230101629914,-0.013957230101629914,919,917.9014697568044,933.2855345836773
Ara+3,0.014204313566207808,-0.014204313566207808,910,910.195202215133,924.7000705939504
Ara+3,0.01445577112493069,-0.01445577112493069,900,902.5536328588121,916.1935858546126
Ara+3,0.014711680211954759,-0.014711680211954759,891,894.9762185124122,907.7653538211199
Ara+3,0.014972119632245416,-0.014972119632245416,887,887.462420560746,899.414654632549
Ara+3,0.015237169585844574,-0.015237169585844574,883,880.0117049105883,891.1407750501085
Ara+3,0.01550691169256758,-0.01550691169256758,878,872.6235419527054,882.9430083962162
Ara+3,0.015781429017137274,-0.015781429017137274,870,865.2974065242161,874.820654494151
Ara+3,0.016060806094763087,-0.016060806094763087,866,858.032777871256,866.7730196082438
Ara+3,0.016345128957172897,-0.016345128957172897,856,850.829139611966,858.7994163846255
Ara+3,0.016634485159105764,-0.016634485159105764,850,843.6859796997837,850.8991637925207
Ara+3,0.016928963805273624,-0.016928963805273624,841,836.602790387051,843.0715870660823
Ara+3,0.017228655577800345,-0.017228655577800345,837,829.5790681889168,835.3160176467558
Ara+3,0.01753365276414644,-0.01753365276414644,833,822.6143138475516,827.6317931261781
Ara+3,0.017844049285528227,-0.017844049285528227,823,815.7080322966607,820.0182571896037
Ara+3,0.01815994072584002,-0.01815994072584002,815,808.8597326262898,812.4747595598465
Ara+3,0.018481424361088364,-0.018481424361088364,809,802.0689280479357,805.0006559417349
Ara+3,0.018808599189347356,-0.018808599189347356,800,795.3351358599398,797.5953079670903
Ara+3,0.01914156596124418,-0.01914156596124418,789,788.6578774131784,790.258083140199
Ara+3,0.019480427210984426,-0.019480427210984426,783,782.0366780770416,782.9883547837891
Ara+3,0.019825287287926586,-0.019825287287926586,775,775.4710672056942,775.7855019855076
Ara+3,0.020176252388715517,-0.020176252388715517,767,768.9605781046198,768.6489095448894
Ara+3,0.02053343058998481,-0.02053343058998481,754,762.5047479974494,761.577967920809
Ara+3,0.020896931881637992,-0.020896931881637992,749,756.1031179930657,754.5720731794207
Ara+3,0.02126686820071898,-0.02126686820071898,737,749.7552330529862,747.6306269425788
Ara+3,0.021643353465882118,-0.021643353465882118,732,743.4606419590148,740.7530363367251
Ara+3,0.022026503612472412,-0.022026503612472412,728,737.2188972811722,733.9387139422537
Ara+3,0.02241643662822685,-0.02241643662822685,719,731.0295553458888,727.1870777433406
Ara+3,0.022813272589607633,-0.022813272589607633,714,724.8921762044683,720.4975510782293
Ara+3,0.023217133698778706,-0.023217133698778706,708,718.8063236018186,713.8695625899825
Ara+3,0.023628144321236846,-0.023628144321236846,700,712.7715649454362,707.3025461776768
Ara+3,0.02404643102410891,-0.02404643102410891,694,706.7874712746634,700.7959409480578
Ara+3,0.024472122615127125,-0.024472122615127125,687,700.8536172301912,694.3491911676279
Ara+3,0.02490535018229423,-0.02490535018229423,685,694.9695810238269,687.9617462151837
Ara+3,0.025346247134250932,-0.025346247134250932,682,689.1349444085142,681.6330605347887
Ara+3,0.025794949241357907,-0.025794949241357907,675,683.3492926485993,675.362593589173
Ara+3,0.026251594677505093,-0.026251594677505093,668,677.6122144903557,669.1498098135679
Ara+3,0.02671632406266118,-0.02671632406266118,663,671.923302132747,662.9941785699644
Ara+3,0.027189280506176233,-0.027189280506176233,658,666.2821511984423,656.8951741017878
Ara+3,0.02767060965085098,-0.02767060965085098,653,660.6883607050734,650.852275488994
Ara+3,0.028160459717786277,-0.028160459717786277,646,655.1415330367289,644.8649666035785
Ara+3,0.028658981552026445,-0.028658981552026445,644,649.6412739156933,638.9327360654934
Ara+3,0.029166328669010762,-0.029166328669010762,641,644.1871923744224,633.0550771989655
Ara+3,0.029682657301847097,-0.029682657301847097,637,638.7789007277489,627.2314879892286
Ara+3,0.030208126449422605,-0.030208126449422605,630,633.4160145453278,621.4614710396394
Ara+3,0.030742897925366015,-0.030742897925366015,629,628.0981526243104,615.7445335291987
Ara+3,0.03128713640787672,-0.03128713640787672,623,622.8249369622476,610.0801871704563
Ara+3,0.03184100949043604,-0.03184100949043604,619,617.5959927302192,604.4679481678087
Ara+3,0.03240468773341604,-0.03240468773341604,614,612.4109482461918,598.9073371761754
Ara+3,0.03297834471660228,-0.03297834471660228,609,607.2694349486003,593.3978792600586
Ara+3,0.033562157092646046,-0.033562157092646046,606,602.1710873701472,587.9391038529807
Ara+3,0.03415630464146305,-0.03415630464146305,599,597.1155431118261,582.5305447172888
Ara+3,0.03476097032559513,-0.03476097032559513,596,592.1024428171628,577.1717399043359
Ara+3,0.03537634034655181,-0.03537634034655181,590,587.1314301466691,571.8622317150264
Ara+3,0.036002604202149624,-0.036002604202149624,587,582.2021517525152,566.6015666607198
Ara+3,0.036639954744866185,-0.036639954744866185,585,577.3142572534139,561.3892954245026
Ara+3,0.037288588241227424,-0.037288588241227424,582,572.467399209713,556.2249728228085
Ara+3,0.03794870443224625,-0.03794870443224625,578,567.6612330986992,551.1081577673954
Ara+3,0.038620506594930853,-0.038620506594930853,573,562.8954172901111,546.0384132276743
Ara+3,0.03930420160488233,-0.03930420160488233,573,558.1696130218515,541.0153061933785
Ara+3,0.04,-0.04,567,553.4834843759122,536.0384076375834
Ara+5,0.01,-0.01,1025,1010.8752861428779,987.8387648469464
Ara+5,0.010177029011328716,-0.010177029011328716,1018,1000.9917064629142,978.7514557341655
Ara+5,0.010357191949742633,-0.010357191949742633,1008,991.2047610054201,969.7477424366622
Ara+5,0.010540544294843095,-0.010540544294843095,992,981.5135049535121,960.8268559412754
Ara+5,0.010727142508381356,-0.010727142508381356,978,971.9170027280165,951.9880343091304
Ara+5,0.010917044051645456,-0.010917044051645456,972,962.4143278971503,943.2305226105719
Ara+5,0.011110307403154938,-0.011110307403154938,964,953.0045630870858,934.5535728606808
Ara+5,0.011306992076668802,-0.011306992076668802,955,943.6867998933886,925.9564439553826
Ara+5,0.011507158639512226,-0.011507158639512226,946,934.460138793319,917.4384016081596
Ara+5,0.01171086873122778,-0.01171086873122778,932,925.3236890589952,908.9987182873285
Ara+5,0.011918185082556742,-0.011918185082556742,925,916.2765686714059,900.6366731539018
Ara+5,0.01212917153475651,-0.01212917153475651,910,907.3179042352596,892.3515520000209
Ara+5,0.012343893059259944,-0.012343893059259944,894,898.446830894666,884.1426471879576
Ara+5,0.012562415777682757,-0.012562415777682757,887,889.6624922496483,876.0092575896728
Ara+5,0.0127848069821851,-0.0127848069821851,878,880.9640402734633,867.9506885269277
Ara+5,0.013011135156193569,-0.013011135156193569,871,872.3506352307419,859.9662517119601
Ara+5,0.013241469995490094,-0.013241469995490094,864,863.821445596412,852.0552651886925
Ara+5,0.01347588242967414,-0.01347588242967414,857,855.3756479754314,844.2170532744814
Ara+5,0.013714444644004856,-0.013714444644004856,846,847.0124270232963,836.4509465024155
Ara+5,0.013957230101629914,-0.013957230101629914,839,838.7309753673284,828.7562815641321
Ara+5,0.014204313566207808,-0.014204313566207808,831,830.5304935287352,821.1324012531587
Ara+5,0.01445577112493069,-0.01445577112493069,823,822.4101898454273,813.5786544087894
Ara+5,0.014711680211954759,-0.014711680211954759,814,814.3692803955919,806.0943958604638
Ara+5,0.014972119632245416,-0.014972119632245416,810,806.4069889220141,798.6789863726613
Ara+5,0.015237169585844574,-0.015237169585844574,798,798.5225467571444,791.331792590308
Ara+5,0.01550691169256758,-0.01550691169256758,794,790.7151927488806,784.0521869846766
Ara+5,0.015781429017137274,-0.015781429017137274,785,782.9841731870996,776.839547799794
Ara+5,0.016060806094763087,-0.016060806094763087,774,775.3287417308873,769.6932589993295
Ara+5,0.016345128957172897,-0.016345128957172897,768,767.7481593364927,762.6127102139869
Ara+5,0.016634485159105764,-0.016634485159105764,760,760.2416941859777,755.5972966893679
Ara+5,0.016928963805273624,-0.016928963805273624,751,752.8086216165731,748.6464192343191
Ara+5,0.017228655577800345,-0.017228655577800345,745,745.448224050716,741.7594841697562
Ara+5,0.01753365276414644,-0.01753365276414644,740,738.1597909267788,734.935903277957
Ara+5,0.017844049285528227,-0.017844049285528227,732,730.9426186304727,728.1750937523229
Ara+5,0.01815994072584002,-0.01815994072584002,723,723.7960104269217,721.4764781475977
Ara+5,0.018481424361088364,-0.018481424361088364,715,716.719276393399,714.8394843305515
Ara+5,0.018808599189347356,-0.018808599189347356,705,709.7117333527248,708.2635454311105
Ara+5,0.01914156596124418,-0.01914156596124418,698,702.7727048073123,701.7480997939426
Ara+5,0.019480427210984426,-0.019480427210984426,691,695.9015208738616,695.2925909304868
Ara+5,0.019825287287926586,-0.019825287287926586,680,689.0975182186888,688.8964674714219
Ara+5,0.020176252388715517,-0.020176252388715517,676,682.3600399936875,682.559183119571
Ara+5,0.02053343058998481,-0.02053343058998481,668,675.6884357729194,676.2801966032483
Ara+5,0.020896931881637992,-0.020896931881637992,656,669.0820614898222,670.0589716300223
Ara+5,0.02126686820071898,-0.02126686820071898,651,662.5402793750359,663.8949768409155
Ara+5,0.021643353465882118,-0.021643353465882118,646,656.062457894827,657.7876857650168
Ara+5,0.022026503612472412,-0.022026503612472412,640,649.6479716901263,651.7365767745197
Ara+5,0.02241643662822685,-0.02241643662822685,634,643.2962015161553,645.7411330401629
Ara+5,0.022813272589607633,-0.022813272589607633,626,637.0065341826472,639.8008424870957
Ara+5,0.023217133698778706,-0.023217133698778706,619,630.7783624946495,633.9151977511364
Ara+5,0.023628144321236846,-0.023628144321236846,612,624.6110851939046,628.0836961354377
Ara+5,0.02404643102410891,-0.02404643102410891,608,618.5041069008079,622.3058395675542
Ara+5,0.024472122615127125,-0.024472122615127125,605,612.4568380569285,616.5811345568987
Ara+5,0.02490535018229423,-0.02490535018229423,600,606.4686948680967,610.9090921525941
Ara+5,0.025346247134250932,-0.025346247134250932,591,600.539099248044,605.2892279017113
Ara+5,0.025794949241357907,-0.025794949241357907,586,594.6674787625939,599.7210618078932
Ara+5,0.026251594677505093,-0.026251594677505093,581,588.8532665744021,594.2041182903567
Ara+5,0.02671632406266118,-0.02671632406266118,578,583.0959013882352,588.7379261432724
Ara+5,0.027189280506176233,-0.027189280506176233,570,577.3948273967831,583.3220184955187
Ara+5,0.02767060965085098,-0.02767060965085098,568,571.7494942270014,577.955932770809
Ara+5,0.028160459717786277,-0.028160459717786277,565,566.15935688698,572.6392106481782
Ara+5,0.028658981552026445,-0.028658981552026445,560,560.6238757133325,567.3713980228398
Ara+5,0.029166328669010762,-0.029166328669010762,556,555.1425163190935,562.1520449674016
Ara+5,0.029682657301847097,-0.029682657301847097,546,549.7147495421344,556.9807056934338
Ara+5,0.030208126449422605,-0.030208126449422605,541,544.3400513940752,551.8569385133964
Ara+5,0.030742897925366015,-0.030742897925366015,535,539.0179030097007,546.7803058029143
Ara+5,0.03128713640787672,-0.03128713640787672,532,533.747790596872,541.750373963398
Ara+5,0.03184100949043604,-0.03184100949043604,529,528.5292053869221,536.7667133850107
Ara+5,0.03240468773341604,-0.03240468773341604,524,523.3616435855434,531.828898409976
Ara+5,0.03297834471660228,-0.03297834471660228,519,518.2446063241504,526.9365072962196
Ara+5,0.033562157092646046,-0.033562157092646046,515,513.1775996117193,522.0891221813498
Ara+5,0.03415630464146305,-0.03415630464146305,513,508.1601342871016,517.2863290469687
Ara+5,0.03476097032559513,-0.03476097032559513,510,503.1917259717971,512.5277176833073
Ara+5,0.03537634034655181,-0.03537634034655181,507,498.271895023197,507.8128816541928
Ara+5,0.036002604202149624,-0.036002604202149624,503,493.40016648827594,503.1414182623313
Ara+5,0.036639954744866185,-0.036639954744866185,498,488.5760700577446,498.5129285149166
Ara+5,0.037288588241227424,-0.037288588241227424,494,483.7991400206429,493.9270170895489
Ara+5,0.03794870443224625,-0.03794870443224625,489,479.06891521938473,489.38329230047117
Ara+5,0.038620506594930853,-0.038620506594930853,486,474.3849390052355,484.8813660651165
Ara+5,0.03930420160488233,-0.03930420160488233,483,469.7467591942289,480.4208538709586
Ara+5,0.04,-0.04,478,465.15392802351545,476.00137474267393
Ara+6,0.01,-0.01,1689,1763.4309665974079,1627.2395040803538
Ara+6,0.010177029011328716,-0.010177029011328716,1677,1743.6571622401332,1612.270230854477
Ara+6,0.010357191949742633,-0.010357191949742633,1660,1724.1050866299224,1597.4386627054182
Ara+6,0.010540544294843095,-0.010540544294843095,1650,1704.772253465386,1582.7435328590386
Ara+6,0.010727142508381356,-0.010727142508381356,1637,1685.6562043246709,1568.18358619449
Ara+6,0.010917044051645456,-0.010917044051645456,1623,1666.7545083528335,1553.7575791370057
Ara+6,0.011110307403154938,-0.011110307403154938,1613,1648.0647619527415,1539.46427955169
Ara+6,0.011306992076668802,-0.011306992076668802,1601,1629.584588479403,1525.3024666382842
Ara+6,0.011507158639512226,-0.011507158639512226,1589,1611.3116379377682,1511.270930826894
Ara+6,0.01171086873122778,-0.01171086873122778,1575,1593.2435866838755,1497.3684736746764
Ara+6,0.011918185082556742,-0.011918185082556742,1568,1575.378137129385,1483.593907763483
Ara+6,0.01212917153475651,-0.01212917153475651,1550,1557.7130174494062,1469.9460565984468
Ara+6,0.012343893059259944,-0.012343893059259944,1540,1540.2459812935977,1456.4237545074832
Ara+6,0.012562415777682757,-0.012562415777682757,1529,1522.9748075005316,1443.0258465417462
Ara+6,0.0127848069821851,-0.0127848069821851,1513,1505.897299815223,1429.7511883769694
Ara+6,0.013011135156193569,-0.013011135156193569,1500,1489.0112866098689,1416.5986462157387
Ara+6,0.013241469995490094,-0.013241469995490094,1491,1472.3146206076767,1403.5670966906446
Ara+6,0.01347588242967414,-0.01347588242967414,1477,1455.805178609826,1390.6554267683446
Ara+6,0.013714444644004856,-0.013714444644004856,1457,1439.4808612254699,1377.8625336544887
Ara+6,0.013957230101629914,-0.013957230101629914,1443,1423.3395926047663,1365.1873246995342
Ara+6,0.014204313566207808,-0.014204313566207808,1428,1407.3793201749143,1352.6287173054232
Ara+6,0.01445577112493069,-0.01445577112493069,1408,1391.5980143791378,1340.185638833116
Ara+6,0.014711680211954759,-0.014711680211954759,1391,1375.9936684186025,1327.857026510968
Ara+6,0.014972119632245416,-0.014972119632245416,1377,1360.5642979972233,1315.6418273439722
Ara+6,0.015237169585844574,-0.015237169585844574,1361,1345.3079410693413,1303.5389980238149
Ara+6,0.01550691169256758,-0.01550691169256758,1344,1330.222657590213,1291.5475048397589
Ara+6,0.015781429017137274,-0.015781429017137274,1336,1315.306529269319,1279.666323590368
Ara+6,0.016060806094763087,-0.016060806094763087,1327,1300.5576593264248,1267.8944394960204
Ara+6,0.016345128957172897,-0.016345128957172897,1312,1285.974172250376,1256.2308471122353
Ara+6,0.016634485159105764,-0.016634485159105764,1298,1271.5542135606095,1244.674550243799
Ara+6,0.016928963805273624,-0.016928963805273624,1276,1257.2959495713303,1233.224561859683
Ara+6,0.017228655577800345,-0.017228655577800345,1264,1243.1975671583275,1221.8799040087338
Ara+6,0.01753365276414644,-0.01753365276414644,1247,1229.2572735284261,1210.6396077361494
Ara+6,0.017844049285528227,-0.017844049285528227,1233,1215.4732959914927,1199.5027130007215
Ara+6,0.01815994072584002,-0.01815994072584002,1214,1201.8438817350316,1188.468268592838
Ara+6,0.018481424361088364,-0.018481424361088364,1202,1188.3672976012772,1177.5353320532306
Ara+6,0.018808599189347356,-0.018808599189347356,1185,1175.0418298668108,1166.7029695924925
Ara+6,0.01914156596124418,-0.01914156596124418,1169,1161.8657840246346,1155.970256011315
Ara+6,0.019480427210984426,-0.019480427210984426,1161,1148.8374845686892,1145.3362746214643
Ara+6,0.019825287287926586,-0.019825287287926586,1144,1135.9552747808018,1134.8001171674898
Ara+6,0.020176252388715517,-0.020176252388715517,1132,1123.217516519999,1124.3608837491506
Ara+6,0.02053343058998481,-0.02053343058998481,1122,1110.622590014207,1114.0176827445503
Ara+6,0.020896931881637992,-0.020896931881637992,1113,1098.1688936542712,1103.7696307339843
Ara+6,0.02126686820071898,-0.02126686820071898,1103,1085.8548437902916,1093.6158524244906
Ara+6,0.021643353465882118,-0.021643353465882118,1090,1073.6788745302417,1083.5554805750842
Ara+6,0.022026503612472412,-0.022026503612472412,1073,1061.6394375408445,1073.5876559226872
Ara+6,0.02241643662822685,-0.02241643662822685,1062,1049.735001850682,1063.7115271087437
Ara+6,0.022813272589607633,-0.022813272589607633,1051,1037.9640536555091,1053.9262506064956
Ara+6,0.023217133698778706,-0.023217133698778706,1039,1026.3250961257622,1044.2309906489463
Ara+6,0.023628144321236846,-0.023628144321236846,1025,1014.816649216206,1034.6249191574682
Ara+6,0.02404643102410891,-0.02404643102410891,1012,1003.4372494777363,1025.1072156710832
Ara+6,0.024472122615127125,-0.024472122615127125,1000,992.1854498712794,1015.6770672763815
Ara+6,0.02490535018229423,-0.02490535018229423,988,981.059819583779,1006.3336685380923
Ara+6,0.025346247134250932,-0.025346247134250932,977,970.058943846259,997.0762214302929
Ara+6,0.025794949241357907,-0.025794949241357907,961,959.1814237539053,987.9039352682444
Ara+6,0.026251594677505093,-0.026251594677505093,952,948.4258760881863,978.8160266408611
Ara+6,0.02671632406266118,-0.02671632406266118,938,937.7909331409548,969.8117193438015
Ara+6,0.027189280506176233,-0.027189280506176233,926,927.2752425405233,960.8902443131672
Ara+6,0.02767060965085098,-0.02767060965085098,914,916.877467079701,952.0508395598184
Ara+6,0.028160459717786277,-0.028160459717786277,904,906.5962845457383,943.2927501042948
Ara+6,0.028658981552026445,-0.028658981552026445,893,896.430387552203,934.6152279123303
Ara+6,0.029166328669010762,-0.029166328669010762,886,886.3784833727175,926.0175318309578
Ara+6,0.029682657301847097,-0.029682657301847097,878,876.4392937765803,917.4989275252174
Ara+6,0.030208126449422605,-0.030208126449422605,867,866.6115548662177,909.0586874154266
Ara+6,0.030742897925366015,-0.030742897925366015,851,856.8940169164649,900.696090615044
Ara+6,0.03128713640787672,-0.03128713640787672,845,847.2854442156467,892.4104228690923
Ara+6,0.03184100949043604,-0.03184100949043604,839,837.7846149084372,884.2009764931591
Ara+6,0.03240468773341604,-0.03240468773341604,827,828.3903208404936,876.0670503129478
Ara+6,0.03297834471660228,-0.03297834471660228,815,819.1013674048127,868.0079496043921
Ara+6,0.033562157092646046,-0.033562157092646046,803,809.9165733898293,860.0229860343217
Ara+6,0.03415630464146305,-0.03415630464146305,795,800.8347708292071,852.1114776016659
Ara+6,0.03476097032559513,-0.03476097032559513,783,791.8548048533133,844.272748579207
Ara+6,0.03537634034655181,-0.03537634034655181,774,782.97553354237,836.5061294558675
Ara+6,0.036002604202149624,-0.036002604202149624,759,774.1958277812341,828.810956879521
Ara+6,0.036639954744866185,-0.036639954744866185,749,765.5145711158233,821.1865736003418
Ara+6,0.037288588241227424,-0.037288588241227424,743,756.9306596111417,813.6323284146632
Ara+6,0.03794870443224625,-0.03794870443224625,734,748.4430017108973,806.1475761093595
Ara+6,0.038620506594930853,-0.038620506594930853,724,740.0505180987042,798.7316774067409
Ara+6,0.03930420160488233,-0.03930420160488233,717,731.7521415608226,791.3839989099465
Ara+6,0.04,-0.04,711,723.5468168504599,784.1039130488518
