background,x,s,tail_count,common_mu_fit_count,individual_mu_fit_count
REL606,0.01,-0.01,1093,1046.2754864600338,1093.1374713903267
REL606,0.010177029011328716,-0.010177029011328716,1079,1036.6506072783986,1081.8807609709745
REL606,0.010357191949742633,-0.010357191949742633,1070,1027.1142691172297,1070.7399678381316
REL606,0.010540544294843095,-0.010540544294843095,1063,1017.6656574715208,1059.7138983200402
REL606,0.010727142508381356,-0.010727142508381356,1052,1008.3039653290396,1048.8013710369169
REL606,0.010917044051645456,-0.010917044051645456,1041,999.0283931014116,1038.0012167743737
REL606,0.011110307403154938,-0.011110307403154938,1031,989.8381485558219,1027.3122783581439
REL606,0.011306992076668802,-0.011306992076668802,1017,980.7324467473451,1016.7334105300981
REL606,0.011507158639512226,-0.011507158639512226,1008,971.7105099519118,1006.2634798255355
REL606,0.01171086873122778,-0.01171086873122778,994,962.771567599878,995.9013644517399
REL606,0.011918185082556742,-0.011918185082556742,986,953.9148562102087,985.6459541677867
REL606,0.01212917153475651,-0.01212917153475651,970,945.1396193252701,975.4961501655863
REL606,0.012343893059259944,-0.012343893059259944,955,936.4451074462223,965.4508649521532
REL606,0.012562415777682757,-0.012562415777682757,946,927.8305779690025,955.5090222330888
REL606,0.0127848069821851,-0.0127848069821851,936,919.2952951208935,945.6695567972575
REL606,0.013011135156193569,-0.013011135156193569,922,910.8385298976904,935.931414402665
REL606,0.013241469995490094,-0.013241469995490094,910,902.459560001431,926.2935516634939
REL606,0.01347588242967414,-0.01347588242967414,900,894.1576697786994,916.7549359383122
REL606,0.013714444644004856,-0.013714444644004856,894,885.9321501595107,907.3145452194357
REL606,0.013957230101629914,-0.013957230101629914,888,877.7822985967439,897.9713680234228
REL606,0.014204313566207808,-0.014204313566207808,882,869.7074190061331,888.7244032827
REL606,0.01445577112493069,-0.01445577112493069,876,861.7068217068229,879.5726602383043
REL606,0.014711680211954759,-0.014711680211954759,865,853.7798233624573,870.5151583337278
REL606,0.014972119632245416,-0.014972119632245416,859,845.9257469228137,861.5509271098572
REL606,0.015237169585844574,-0.015237169585844574,852,838.1439215659815,852.6790061009987
REL606,0.01550691169256758,-0.01550691169256758,845,830.43368264106,843.8984447319579
REL606,0.015781429017137274,-0.015781429017137274,839,822.7943716113973,835.2083022162072
REL606,0.016060806094763087,-0.016060806094763087,832,815.2253359983351,826.6076474550745
REL606,0.016345128957172897,-0.016345128957172897,826,807.7259293254899,818.0955589379834
REL606,0.016634485159105764,-0.016634485159105764,814,800.2955110635318,809.6711246437211
REL606,0.016928963805273624,-0.016928963805273624,806,792.9334465754752,801.3334419427223
REL606,0.017228655577800345,-0.017228655577800345,800,785.6391070624773,793.0816175003498
REL606,0.01753365276414644,-0.01753365276414644,795,778.4118695101295,784.9147671811871
REL606,0.017844049285528227,-0.017844049285528227,788,771.2511166352489,776.8320159543042
REL606,0.01815994072584002,-0.01815994072584002,780,764.1562368331502,768.8324977995042
REL606,0.018481424361088364,-0.018481424361088364,774,757.1266241254142,760.9153556145337
REL606,0.018808599189347356,-0.018808599189347356,768,750.1616781081257,753.0797411232502
REL606,0.01914156596124418,-0.01914156596124418,759,743.2608039005945,745.3248147847328
REL606,0.019480427210984426,-0.019480427210984426,753,736.4234120945481,737.6497457033316
REL606,0.019825287287926586,-0.019825287287926586,742,729.6489187037889,730.0537115396411
REL606,0.020176252388715517,-0.020176252388715517,733,722.9367451143107,722.5358984223918
REL606,0.02053343058998481,-0.02053343058998481,724,716.2863180348882,715.0955008612482
REL606,0.020896931881637992,-0.020896931881637992,717,709.6970694481029,707.7317216605054
REL606,0.02126686820071898,-0.02126686820071898,712,703.1684365618353,700.4437718336742
REL606,0.021643353465882118,-0.021643353465882118,703,696.6998617611906,693.2308705189455
REL606,0.022026503612472412,-0.022026503612472412,692,690.2907925608783,686.0922448955259
REL606,0.02241643662822685,-0.02241643662822685,687,683.9406815580166,679.0271301008337
REL606,0.022813272589607633,-0.022813272589607633,678,677.6489863853865,672.0347691485491
REL606,0.023217133698778706,-0.023217133698778706,668,671.4151696651033,665.114412847507
REL606,0.023628144321236846,-0.023628144321236846,658,665.2386989627181,658.2653197214253
REL606,0.02404643102410891,-0.02404643102410891,652,659.1190467417454,651.4867559294605
REL606,0.024472122615127125,-0.024472122615127125,641,653.055690318603,644.7779951875814
REL606,0.02490535018229423,-0.02490535018229423,632,647.0481118179706,638.1383186907485
REL606,0.025346247134250932,-0.025346247134250932,629,641.0957981285572,631.5670150359048
REL606,0.025794949241357907,-0.025794949241357907,624,635.1982408592771,625.0633801457462
REL606,0.026251594677505093,-0.026251594677505093,621,629.3549362958271,618.6267171932884
REL606,0.02671632406266118,-0.02671632406266118,609,623.5653853576628,612.2563365272023
REL606,0.027189280506176233,-0.027189280506176233,602,617.8290935553725,605.951555597925
REL606,0.02767060965085098,-0.02767060965085098,596,612.145570948445,599.711698884527
REL606,0.028160459717786277,-0.028160459717786277,585,606.5143321034193,593.5360978223342
REL606,0.028658981552026445,-0.028658981552026445,581,600.9348960524255,587.4240907312956
REL606,0.029166328669010762,-0.029166328669010762,573,595.4067862521066,581.3750227450854
REL606,0.029682657301847097,-0.029682657301847097,562,589.9295305429133,575.3882457409438
REL606,0.030208126449422605,-0.030208126449422605,553,584.5026611087782,569.4631182702263
REL606,0.030742897925366015,-0.030742897925366015,549,579.1257144371606,563.599005489685
REL606,0.03128713640787672,-0.03128713640787672,547,573.7982312794552,557.7952790934403
REL606,0.03184100949043604,-0.03184100949043604,543,568.5197566117681,552.0513172456673
REL606,0.03240468773341604,-0.03240468773341604,536,563.2898395960549,546.3665045139694
REL606,0.03297834471660228,-0.03297834471660228,535,558.1080335416111,540.7402318034336
REL606,0.033562157092646046,-0.033562157092646046,531,552.9738958669216,535.1718962913751
REL606,0.03415630464146305,-0.03415630464146305,529,547.8869880618608,529.6609013627451
REL606,0.03476097032559513,-0.03476097032559513,522,542.8468756502361,524.2066565462077
REL606,0.03537634034655181,-0.03537634034655181,516,537.8531281526823,518.8085774508746
REL606,0.036002604202149624,-0.036002604202149624,513,532.9053190498907,513.4660857036905
REL606,0.036639954744866185,-0.036639954744866185,509,528.0030257461835,508.1786088874641
REL606,0.037288588241227424,-0.037288588241227424,507,523.1458295334163,502.94558047953683
REL606,0.03794870443224625,-0.03794870443224625,504,518.3333155552173,497.76643979108303
REL606,0.038620506594930853,-0.038620506594930853,502,513.5650727715554,492.6406319070357
REL606,0.03930420160488233,-0.03930420160488233,498,508.8406939236302,487.56760762663026
REL606,0.04,-0.04,495,504.15977549909115,482.54682340456094
REL607,0.01,-0.01,1141,1124.4362935244988,1168.9985213813256
REL607,0.010177029011328716,-0.010177029011328716,1138,1114.09239881161,1157.105609271197
REL607,0.010357191949742633,-0.010357191949742633,1129,1103.843659474306,1145.3336907772907
REL607,0.010540544294843095,-0.010540544294843095,1122,1093.6892001609165,1133.6815349601156
REL607,0.010727142508381356,-0.010727142508381356,1111,1083.6281535722937,1122.1479234032552
REL607,0.010917044051645456,-0.010917044051645456,1099,1073.6596603877313,1110.7316500859642
REL607,0.011110307403154938,-0.011110307403154938,1096,1063.7828691915693,1099.4315212570582
REL607,0.011306992076668802,-0.011306992076668802,1086,1053.9969364004792,1088.246355310086
REL607,0.011507158639512226,-0.011507158639512226,1078,1044.3010261914085,1077.174982659779
REL607,0.01171086873122778,-0.01171086873122778,1067,1034.694310430192,1066.2162456197498
REL607,0.011918185082556742,-0.011918185082556742,1060,1025.175968600822,1055.3689982814362
REL607,0.01212917153475651,-0.01212917153475651,1049,1015.7451877353709,1044.632106394281
REL607,0.012343893059259944,-0.012343893059259944,1038,1006.401162344545,1034.0044472471286
REL607,0.012562415777682757,-0.012562415777682757,1030,997.1430943489,1023.4849095508275
REL607,0.0127848069821851,-0.0127848069821851,1013,987.9701930106656,1013.0723933220235
REL607,0.013011135156193569,-0.013011135156193569,1004,978.8816748662164,1002.7658097681455
REL607,0.013241469995490094,-0.013241469995490094,991,969.876763659148,992.5640811735518
REL607,0.01347588242967414,-0.01347588242967414,980,960.9546902739838,982.4661407868368
REL607,0.013714444644004856,-0.013714444644004856,971,952.1146926704788,972.4709327092863
REL607,0.013957230101629914,-0.013957230101629914,964,943.3560158185347,962.5774117844693
REL607,0.014204313566207808,-0.014204313566207808,954,934.6779116337151,952.7845434889476
REL607,0.01445577112493069,-0.01445577112493069,950,926.0796389133492,943.0913038240989
REL607,0.014711680211954759,-0.014711680211954759,939,917.5604632732204,933.4966792090452
REL607,0.014972119632245416,-0.014972119632245416,926,909.1196570848513,923.9996663746656
REL607,0.015237169585844574,-0.015237169585844574,918,900.7564994133513,914.5992722586866
REL607,0.01550691169256758,-0.01550691169256758,910,892.4702759558373,905.2945139018426
REL607,0.015781429017137274,-0.015781429017137274,900,884.2602789804331,896.0844183450979
REL607,0.016060806094763087,-0.016060806094763087,896,876.1258072658167,886.9680225278984
REL607,0.016345128957172897,-0.016345128957172897,885,868.0661660413272,877.9443731874746
REL607,0.016634485159105764,-0.016634485159105764,878,860.080666927626,869.0125267591637
REL607,0.016928963805273624,-0.016928963805273624,869,852.168627877904,860.1715492777428
REL607,0.017228655577800345,-0.017228655577800345,856,844.3293731196228,851.4205162797673
REL607,0.01753365276414644,-0.01753365276414644,853,836.5622330967992,842.7585127069044
REL607,0.017844049285528227,-0.017844049285528227,845,828.8665444128189,834.1846328102542
REL607,0.01815994072584002,-0.01815994072584002,836,821.2416497737751,825.6979800556302
REL607,0.018481424361088364,-0.018481424361088364,826,813.686897932323,817.29766702982
REL607,0.018808599189347356,-0.018808599189347356,815,806.2016436320655,808.98281534779
REL607,0.01914156596124418,-0.01914156596124418,805,798.7852475524363,800.7525555608348
REL607,0.019480427210984426,-0.019480427210984426,796,791.437076254094,792.6060270656629
REL607,0.019825287287926586,-0.019825287287926586,789,784.1565021248214,784.5423780144127
REL607,0.020176252388715517,-0.020176252388715517,782,776.9429033259228,776.5607652255696
REL607,0.02053343058998481,-0.02053343058998481,767,769.7956637391081,768.6603540958029
REL607,0.020896931881637992,-0.020896931881637992,761,762.714172913872,760.8403185126955
REL607,0.02126686820071898,-0.02126686820071898,756,755.6978260153562,753.0998407683603
REL607,0.021643353465882118,-0.021643353465882118,752,748.7460237726874,745.4381114739325
REL607,0.022026503612472412,-0.022026503612472412,747,741.8581724277942,737.8543294749413
REL607,0.02241643662822685,-0.02241643662822685,739,735.0336836846958,730.3477017675305
REL607,0.022813272589607633,-0.022813272589607633,734,728.2719746592513,722.9174434155427
REL607,0.023217133698778706,-0.023217133698778706,726,721.5724678293798,715.5627774684372
REL607,0.023628144321236846,-0.023628144321236846,718,714.9345909857286,708.2829348800515
REL607,0.02404643102410891,-0.02404643102410891,705,708.3577771828064,701.0771544281839
REL607,0.024472122615127125,-0.024472122615127125,694,701.8414646905549,693.9446826349943
REL607,0.02490535018229423,-0.02490535018229423,683,695.3850969463725,686.8847736882166
REL607,0.025346247134250932,-0.025346247134250932,673,688.9881225075815,679.8966893631774
REL607,0.025794949241357907,-0.025794949241357907,663,682.6499950043233,672.979698945594
REL607,0.026251594677505093,-0.026251594677505093,655,676.3701730928958,666.1330791551743
REL607,0.02671632406266118,-0.02671632406266118,652,670.1481204095182,659.3561140699833
REL607,0.027189280506176233,-0.027189280506176233,642,663.9833055245163,652.6480950515814
REL607,0.02767060965085098,-0.02767060965085098,633,657.8752018969341,646.0083206709263
REL607,0.028160459717786277,-0.028160459717786277,629,651.8232878295635,639.4360966350288
REL607,0.028658981552026445,-0.028658981552026445,627,645.8270464243847,632.9307357143516
REL607,0.029166328669010762,-0.029166328669010762,620,639.8859655384138,626.491557670948
REL607,0.029682657301847097,-0.029682657301847097,615,633.9995377399675,620.1178891873352
REL607,0.030208126449422605,-0.030208126449422605,606,628.1672602653165,613.8090637960863
REL607,0.030742897925366015,-0.030742897925366015,601,622.388634975749,607.5644218101404
REL607,0.03128713640787672,-0.03128713640787672,594,616.6631683150199,601.3833102538221
REL607,0.03184100949043604,-0.03184100949043604,589,610.9903712672003,595.2650827945643
REL607,0.03240468773341604,-0.03240468773341604,583,605.3697593149066,589.2090996753228
REL607,0.03297834471660228,-0.03297834471660228,580,599.8008523979187,583.2147276476777
REL607,0.033562157092646046,-0.033562157092646046,572,594.2831748721801,577.2813399056209
REL607,0.03415630464146305,-0.03415630464146305,564,588.8162554691688,571.4083160200119
REL607,0.03476097032559513,-0.03476097032559513,563,583.3996272556485,565.5950418737002
REL607,0.03537634034655181,-0.03537634034655181,558,578.0328275937879,559.8409095973136
REL607,0.036002604202149624,-0.036002604202149624,553,572.7153981016442,554.1453175056938
REL607,0.036639954744866185,-0.036639954744866185,548,567.446884614015,548.5076700349797
REL607,0.037288588241227424,-0.037288588241227424,544,562.2268371436455,542.9273776803329
REL607,0.03794870443224625,-0.03794870443224625,544,557.054809842796,537.4038569342973
REL607,0.038620506594930853,-0.038620506594930853,542,551.9303609651623,531.9365302257818
REL607,0.03930420160488233,-0.03930420160488233,538,546.8530528281439,526.5248258596662
REL607,0.04,-0.04,532,541.8224517754637,521.1681779570234
Ara-1,0.01,-0.01,993,1011.0212507944515,991.264969251096
Ara-1,0.010177029011328716,-0.010177029011328716,984,1001.7206817618288,982.6369487470778
Ara-1,0.010357191949742633,-0.010357191949742633,976,992.5056703614149,974.0840269705715
Ara-1,0.010540544294843095,-0.010540544294843095,968,983.3754295329327,965.6055502584486
Ara-1,0.010727142508381356,-0.010727142508381356,961,974.3291794564193,957.2008706370987
Ara-1,0.010917044051645456,-0.010917044051645456,953,965.3661474856153,948.8693457729046
Ara-1,0.011110307403154938,-0.011110307403154938,947,956.4855680819751,940.6103389231537
Ara-1,0.011306992076668802,-0.011306992076668802,939,947.6866827492838,932.4232188873757
Ara-1,0.011507158639512226,-0.011507158639512226,934,938.9687399688715,924.3073599591006
Ara-1,0.01171086873122778,-0.01171086873122778,929,930.3309951354244,916.262141878039
Ara-1,0.011918185082556742,-0.011918185082556742,916,921.7727104933882,908.2869497826782
Ara-1,0.01212917153475651,-0.01212917153475651,906,913.2931550739606,900.3811741632927
Ara-1,0.012343893059259944,-0.012343893059259944,900,904.8916046326486,892.5442108153576
Ara-1,0.012562415777682757,-0.012562415777682757,893,896.5673415874224,884.7754607933783
Ara-1,0.0127848069821851,-0.0127848069821851,883,888.3196549574163,877.0743303651086
Ara-1,0.013011135156193569,-0.013011135156193569,874,880.1478403022102,869.4402309661807
Ara-1,0.013241469995490094,-0.013241469995490094,865,872.051199661657,861.8725791551196
Ara-1,0.01347588242967414,-0.01347588242967414,855,864.0290414962759,854.3707965687547
Ara-1,0.013714444644004856,-0.013714444644004856,851,856.0806806281811,846.9343098780186
Ara-1,0.013957230101629914,-0.013957230101629914,845,848.2054381825636,839.5625507441273
Ara-1,0.014204313566207808,-0.014204313566207808,834,840.4026415297093,832.2549557751458
Ara-1,0.01445577112493069,-0.01445577112493069,827,832.6716242275479,825.0109664829357
Ara-1,0.014711680211954759,-0.014711680211954759,822,825.0117259647275,817.8300292404622
Ara-1,0.014972119632245416,-0.014972119632245416,811,817.4222925042246,810.7115952394912
Ara-1,0.015237169585844574,-0.015237169585844574,808,809.9026756274623,803.6551204486426
Ara-1,0.01550691169256758,-0.01550691169256758,797,802.4522330789395,796.6600655718132
Ara-1,0.015781429017137274,-0.015781429017137274,795,795.0703285113856,789.7258960069607
Ara-1,0.016060806094763087,-0.016060806094763087,788,787.756331431404,782.8520818052443
Ara-1,0.016345128957172897,-0.016345128957172897,778,780.5096171456199,776.0380976305274
Ara-1,0.016634485159105764,-0.016634485159105764,769,773.3295667073278,769.2834227192229
Ara-1,0.016928963805273624,-0.016928963805273624,760,766.2155668636274,762.5875408404985
Ara-1,0.017228655577800345,-0.017228655577800345,749,759.1670100030416,755.9499402568206
Ara-1,0.01753365276414644,-0.01753365276414644,742,752.1832941036226,749.3701136848447
Ara-1,0.017844049285528227,-0.017844049285528227,736,745.2638226815336,742.8475582566474
Ara-1,0.01815994072584002,-0.01815994072584002,728,738.4080047401021,736.3817754812908
Ara-1,0.018481424361088364,-0.018481424361088364,724,731.6152547193378,729.97227120673
Ara-1,0.018808599189347356,-0.018808599189347356,720,724.8849924459279,723.6185555820423
Ara-1,0.01914156596124418,-0.01914156596124418,714,718.2166430836788,717.3201430199936
Ara-1,0.019480427210984426,-0.019480427210984426,705,711.6096370844189,711.0765521599257
Ara-1,0.019825287287926586,-0.019825287287926586,696,705.063410139354,704.8873058309673
Ara-1,0.020176252388715517,-0.020176252388715517,689,698.5774031308717,698.7519310155676
Ara-1,0.02053343058998481,-0.02053343058998481,681,692.1510620847824,692.6699588133426
Ara-1,0.020896931881637992,-0.020896931881637992,674,685.7838381230065,686.6409244052427
Ara-1,0.02126686820071898,-0.02126686820071898,666,679.4751874166955,680.664367018027
Ara-1,0.021643353465882118,-0.021643353465882118,663,673.22457113978,674.7398298890463
Ara-1,0.022026503612472412,-0.022026503612472412,659,667.0314554229504,668.8668602313384
Ara-1,0.02241643662822685,-0.02241643662822685,656,660.8953113080596,663.0450091990214
Ara-1,0.022813272589607633,-0.022813272589607633,652,654.815614702941,657.2738318529904
Ara-1,0.023217133698778706,-0.023217133698778706,643,648.7918463366497,651.5528871269137
Ara-1,0.023628144321236846,-0.023628144321236846,642,642.8234917151067,645.8817377935217
Ara-1,0.02404643102410891,-0.02404643102410891,635,636.9100410771603,640.2599504311951
Ara-1,0.024472122615127125,-0.024472122615127125,629,631.0509893510429,634.6870953908364
Ara-1,0.02490535018229423,-0.02490535018229423,627,625.2458361112342,629.162746763037
Ara-1,0.025346247134250932,-0.025346247134250932,620,619.4940855357218,623.6864823455251
Ara-1,0.025794949241357907,-0.025794949241357907,613,613.7952463636481,618.2578836108985
Ara-1,0.026251594677505093,-0.026251594677505093,610,608.1488318533542,612.8765356746396
Ara-1,0.02671632406266118,-0.02671632406266118,607,602.5543597408082,607.5420272634047
Ara-1,0.027189280506176233,-0.027189280506176233,599,597.0113521984114,602.2539506835963
Ara-1,0.02767060965085098,-0.02767060965085098,595,591.5193357941884,597.0119017902017
Ara-1,0.028160459717786277,-0.028160459717786277,587,586.0778414513519,591.8154799559061
Ara-1,0.028658981552026445,-0.028658981552026445,584,580.6864044082383,586.6642880404764
Ara-1,0.029166328669010762,-0.029166328669010762,578,575.3445641786083,581.5579323604078
Ara-1,0.029682657301847097,-0.029682657301847097,574,570.0518645123227,576.4960226588369
Ara-1,0.030208126449422605,-0.030208126449422605,572,564.8078533563688,571.4781720757145
Ara-1,0.030742897925366015,-0.030742897925366015,566,559.6120828162535,566.5039971182425
Ara-1,0.03128713640787672,-0.03128713640787672,563,554.4641091177452,561.5731176315633
Ara-1,0.03184100949043604,-0.03184100949043604,557,549.3634925689745,556.685156769705
Ara-1,0.03240468773341604,-0.03240468773341604,553,544.3097975228758,551.8397409667837
Ara-1,0.03297834471660228,-0.03297834471660228,551,539.302592339981,547.0364999084513
Ara-1,0.033562157092646046,-0.033562157092646046,549,534.3414493515533,542.2750665035945
Ara-1,0.03415630464146305,-0.03415630464146305,545,529.4259448230573,537.5550768562804
Ara-1,0.03476097032559513,-0.03476097032559513,539,524.5556589179691,532.8761702379429
Ara-1,0.03537634034655181,-0.03537634034655181,536,519.7301756619191,528.2379890598179
Ara-1,0.036002604202149624,-0.036002604202149624,530,514.9490829071597,523.6401788456097
Ara-1,0.036639954744866185,-0.036639954744866185,525,510.2119722973675,519.0823882044041
Ara-1,0.037288588241227424,-0.037288588241227424,519,505.5184392327624,514.5642688038104
Ara-1,0.03794870443224625,-0.03794870443224625,516,500.8680828355512,510.0854753433408
Ara-1,0.038620506594930853,-0.038620506594930853,513,496.2605059156904,505.64566552802097
Ara-1,0.03930420160488233,-0.03930420160488233,510,491.695314936958,501.2445000422279
Ara-1,0.04,-0.04,503,487.1721199833457,496.8816425237608
Ara-3,0.01,-0.01,891,1005.0369789479735,896.8894482170634
Ara-3,0.010177029011328716,-0.010177029011328716,888,995.7914603244045,891.2037301603161
Ara-3,0.010357191949742633,-0.010357191949742633,884,986.6309929142818,885.5540559993746
Ara-3,0.010540544294843095,-0.010540544294843095,878,977.5547943159706,879.9401972384865
Ara-3,0.010727142508381356,-0.010727142508381356,872,968.5620893252858,874.3619268304197
Ara-3,0.010917044051645456,-0.010917044051645456,866,959.6521098692918,868.8190191672794
Ara-3,0.011110307403154938,-0.011110307403154938,863,950.8240949406966,863.3112500713837
Ara-3,0.011306992076668802,-0.011306992076668802,858,942.0772905328479,857.8383967861971
Ara-3,0.011507158639512226,-0.011507158639512226,856,933.4109495753431,852.4002379673211
Ara-3,0.01171086873122778,-0.01171086873122778,852,924.824331870216,846.9965536735416
Ara-3,0.011918185082556742,-0.011918185082556742,845,916.3167040287151,841.6271253579363
Ara-3,0.01212917153475651,-0.01212917153475651,841,907.8873394086654,836.2917358590314
Ara-3,0.012343893059259944,-0.012343893059259944,831,899.5355180524081,830.9901693920219
Ara-3,0.012562415777682757,-0.012562415777682757,823,891.2605266253065,825.7222115400434
Ara-3,0.0127848069821851,-0.0127848069821851,815,883.0616583548152,820.4876492454997
Ara-3,0.013011135156193569,-0.013011135156193569,811,874.938212970123,815.2862708014485
Ara-3,0.013241469995490094,-0.013241469995490094,805,866.8894966423377,810.1178658430348
Ara-3,0.01347588242967414,-0.01347588242967414,801,858.9148219252208,804.9822253389863
Ara-3,0.013714444644004856,-0.013714444644004856,794,851.0135076964825,799.8791415831578
Ara-3,0.013957230101629914,-0.013957230101629914,793,843.1848790996007,794.8084081861314
Ara-3,0.014204313566207808,-0.014204313566207808,788,835.4282674861773,789.7698200668688
Ara-3,0.01445577112493069,-0.01445577112493069,784,827.7430103588373,784.7631734444174
Ara-3,0.014711680211954759,-0.014711680211954759,781,820.1284513146394,779.7882658296683
Ara-3,0.014972119632245416,-0.014972119632245416,777,812.5839399890103,774.844896017166
Ara-3,0.015237169585844574,-0.015237169585844574,773,805.1088320002024,769.9328640769742
Ara-3,0.01550691169256758,-0.01550691169256758,766,797.70248889425,765.0519713465848
Ara-3,0.015781429017137274,-0.015781429017137274,762,790.3642780904462,760.2020204228868
Ara-3,0.016060806094763087,-0.016060806094763087,757,783.093572827304,755.3828151541811
Ara-3,0.016345128957172897,-0.016345128957172897,753,775.8897521090341,750.5941606322474
Ara-3,0.016634485159105764,-0.016634485159105764,744,768.7522006525004,745.8358631844632
Ara-3,0.016928963805273624,-0.016928963805273624,742,761.6803088346669,741.1077303659674
Ara-3,0.017228655577800345,-0.017228655577800345,739,754.6734726405319,736.4095709518799
Ara-3,0.01753365276414644,-0.01753365276414644,736,747.7310936115377,731.7411949295663
Ara-3,0.017844049285528227,-0.017844049285528227,729,740.8525787944576,727.1024134909536
Ara-3,0.01815994072584002,-0.01815994072584002,721,734.0373406907476,722.493039024894
Ara-3,0.018481424361088364,-0.018481424361088364,716,727.2847972063722,717.9128851095768
Ara-3,0.018808599189347356,-0.018808599189347356,712,720.5943716020839,713.3617665049885
Ara-3,0.01914156596124418,-0.01914156596124418,708,713.9654924441644,708.8394991454232
Ara-3,0.019480427210984426,-0.019480427210984426,704,707.3975935556197,704.3459001320347
Ara-3,0.019825287287926586,-0.019825287287926586,702,700.890113967822,699.8807877254413
Ara-3,0.020176252388715517,-0.020176252388715517,699,694.4424978725928,695.4439813383759
Ara-3,0.02053343058998481,-0.02053343058998481,694,688.0541945747385,691.0353015283813
Ara-3,0.020896931881637992,-0.020896931881637992,690,681.7246584450083,686.6545699905525
Ara-3,0.02126686820071898,-0.02126686820071898,687,675.4533488734968,682.3016095503284
Ara-3,0.021643353465882118,-0.021643353465882118,681,669.2397302234651,677.9762441563215
Ara-3,0.022026503612472412,-0.022026503612472412,678,663.0832717855981,673.6782988732008
Ara-3,0.02241643662822685,-0.02241643662822685,675,656.9834477326676,669.4075998746157
Ara-3,0.022813272589607633,-0.022813272589607633,667,650.9397370746303,665.1639744361661
Ara-3,0.023217133698778706,-0.023217133698778706,663,644.9516236141243,660.9472509284165
Ara-3,0.023628144321236846,-0.023628144321236846,656,639.0185959023802,656.7572588099539
Ara-3,0.02404643102410891,-0.02404643102410891,650,633.1401471955409,652.5938286204934
Ara-3,0.024472122615127125,-0.024472122615127125,648,627.3157754113773,648.4567919740198
Ara-3,0.02490535018229423,-0.02490535018229423,646,621.5449830864068,644.3459815519813
Ara-3,0.025346247134250932,-0.025346247134250932,640,615.8272773334036,640.2612310965205
Ara-3,0.025794949241357907,-0.025794949241357907,637,610.1621697993025,636.2023754037505
Ara-3,0.026251594677505093,-0.026251594677505093,632,604.5491766234876,632.1692503170751
Ara-3,0.02671632406266118,-0.02671632406266118,628,598.9878183964635,628.161692720547
Ara-3,0.027189280506176233,-0.027189280506176233,627,593.4776201189107,624.1795405322722
Ara-3,0.02767060965085098,-0.02767060965085098,622,588.0181111611166,620.2226326978547
Ara-3,0.028160459717786277,-0.028160459717786277,617,582.6088252227756,616.2908091838823
Ara-3,0.028658981552026445,-0.028658981552026445,614,577.249300293164,612.383910971455
Ara-3,0.029166328669010762,-0.029166328669010762,609,571.9390786116801,608.5017800497527
Ara-3,0.029682657301847097,-0.029682657301847097,603,566.6777066287444,604.6442594096454
Ara-3,0.030208126449422605,-0.030208126449422605,601,561.4647349670628,600.8111930373422
Ara-3,0.030742897925366015,-0.030742897925366015,597,556.2997183832462,597.0024259080833
Ara-3,0.03128713640787672,-0.03128713640787672,592,551.1822157297794,593.2178039798677
Ara-3,0.03184100949043604,-0.03184100949043604,589,546.1117899173437,589.457174187224
Ara-3,0.03240468773341604,-0.03240468773341604,583,541.0880078774863,585.7203844350227
Ara-3,0.03297834471660228,-0.03297834471660228,580,536.1104405256286,582.0072835923181
Ara-3,0.033562157092646046,-0.033562157092646046,576,531.1786627244195,578.3177214862441
Ara-3,0.03415630464146305,-0.03415630464146305,574,526.2922532474252,574.6515488959345
Ara-3,0.03476097032559513,-0.03476097032559513,569,521.4507947431491,571.0086175464907
Ara-3,0.03537634034655181,-0.03537634034655181,567,516.653873699389,567.3887801029837
Ara-3,0.036002604202149624,-0.036002604202149624,563,511.901080407915,563.7918901644964
Ara-3,0.036639954744866185,-0.036639954744866185,558,507.1920089294799,560.2178022582017
Ara-3,0.037288588241227424,-0.037288588241227424,556,502.5262570591444,556.6663718334792
Ara-3,0.03794870443224625,-0.03794870443224625,554,497.90342629192577,553.1374552560683
Ara-3,0.038620506594930853,-0.038620506594930853,548,493.3231217887627,549.6309098022617
Ara-3,0.03930420160488233,-0.03930420160488233,544,488.7849523427888,546.1465936531293
Ara-3,0.04,-0.04,541,484.2885303459227,542.6843658887849
Ara-4,0.01,-0.01,841,908.8512011607081,841.2108738668155
Ara-4,0.010177029011328716,-0.010177029011328716,830,900.4905130642561,835.1059172408678
Ara-4,0.010357191949742633,-0.010357191949742633,826,892.20673646372,829.0452663848087
Ara-4,0.010540544294843095,-0.010540544294843095,822,883.9991638362089,823.0285997564274
Ara-4,0.010727142508381356,-0.010727142508381356,816,875.8670941674668,817.0555981470557
Ara-4,0.010917044051645456,-0.010917044051645456,811,867.8098328919931,811.1259446646337
Ara-4,0.011110307403154938,-0.011110307403154938,804,859.8266918337224,805.2393247168965
Ara-4,0.011306992076668802,-0.011306992076668802,799,851.9169891472477,799.395425994681
Ara-4,0.011507158639512226,-0.011507158639512226,794,844.0800492595828,793.5939384553612
Ara-4,0.01171086873122778,-0.01171086873122778,790,836.3152028124587,787.8345543063975
Ara-4,0.011918185082556742,-0.011918185082556742,786,828.6217866051556,782.1169679890041
Ara-4,0.01212917153475651,-0.01212917153475651,777,820.9991435378613,776.4408761619435
Ara-4,0.012343893059259944,-0.012343893059259944,768,813.4466225555392,770.8059776854266
Ara-4,0.012562415777682757,-0.012562415777682757,760,805.9635785923322,765.2119736051426
Ara-4,0.0127848069821851,-0.0127848069821851,753,798.5493725164579,759.6585671363921
Ara-4,0.013011135156193569,-0.013011135156193569,750,791.2033710756268,754.1454636483462
Ara-4,0.013241469995490094,-0.013241469995490094,742,783.9249468429504,748.6723706484133
Ara-4,0.01347588242967414,-0.01347588242967414,733,776.7134781633566,743.2389977667194
Ara-4,0.013714444644004856,-0.013714444644004856,729,769.5683491004904,737.8450567407068
Ara-4,0.013957230101629914,-0.013957230101629914,725,762.4889493841076,732.4902613998358
Ara-4,0.014204313566207808,-0.014204313566207808,722,755.4746743579527,727.174327650407
Ara-4,0.01445577112493069,-0.01445577112493069,716,748.524924928114,721.8969734604857
Ara-4,0.014711680211954759,-0.014711680211954759,714,741.6391075118503,716.6579188449406
Ara-4,0.014972119632245416,-0.014972119632245416,708,734.8166339869,711.456885850587
Ara-4,0.015237169585844574,-0.015237169585844574,704,728.0569216412459,706.2935985414446
Ara-4,0.01550691169256758,-0.01550691169256758,698,721.359393123341,701.1677829840927
Ara-4,0.015781429017137274,-0.015781429017137274,694,714.7234763928043,696.0791672331418
Ara-4,0.016060806094763087,-0.016060806094763087,691,708.1486046715582,691.0274813168035
Ara-4,0.016345128957172897,-0.016345128957172897,687,701.6342163954188,686.0124572225661
Ara-4,0.016634485159105764,-0.016634485159105764,683,695.1797551661335,681.0338288829773
Ara-4,0.016928963805273624,-0.016928963805273624,680,688.7846697038609,676.0913321615287
Ara-4,0.017228655577800345,-0.017228655577800345,674,682.4484138000813,671.1847048386413
Ara-4,0.01753365276414644,-0.01753365276414644,668,676.1704462709473,666.3136865977524
Ara-4,0.017844049285528227,-0.017844049285528227,663,669.9502309110613,661.4780190115073
Ara-4,0.01815994072584002,-0.01815994072584002,661,663.787236447678,656.6774455280481
Ara-4,0.018481424361088364,-0.018481424361088364,657,657.680936495323,651.9117114573999
Ara-4,0.018808599189347356,-0.018808599189347356,654,651.630809510842,647.1805639579621
Ara-4,0.01914156596124418,-0.01914156596124418,651,645.6363387488506,642.4837520230931
Ara-4,0.019480427210984426,-0.019480427210984426,649,639.6970122175983,637.8210264677906
Ara-4,0.019825287287926586,-0.019825287287926586,642,633.8123226352402,633.192139915476
Ara-4,0.020176252388715517,-0.020176252388715517,633,627.9817673865114,628.5968467848655
Ara-4,0.02053343058998481,-0.02053343058998481,629,622.2048484797949,624.0349032769448
Ara-4,0.020896931881637992,-0.020896931881637992,625,616.4810725045895,619.5060673620325
Ara-4,0.02126686820071898,-0.02126686820071898,621,610.8099505893689,615.0100987669385
Ara-4,0.021643353465882118,-0.021643353465882118,616,605.1909983598235,610.5467589622203
Ara-4,0.022026503612472412,-0.022026503612472412,612,599.6237358974917,606.1158111495231
Ara-4,0.02241643662822685,-0.02241643662822685,612,594.1076876987703,601.7170202490208
Ara-4,0.022813272589607633,-0.022813272589607633,604,588.6423826342993,597.3501528869425
Ara-4,0.023217133698778706,-0.023217133698778706,599,583.2273539087253,593.0149773831895
Ara-4,0.023628144321236846,-0.023628144321236846,592,577.8621390208285,588.7112637390475
Ara-4,0.02404643102410891,-0.02404643102410891,590,572.5462797240244,584.4387836249794
Ara-4,0.024472122615127125,-0.024472122615127125,583,567.279321987221,580.1973103685167
Ara-4,0.02490535018229423,-0.02490535018229423,576,562.060815956041,575.9866189422286
Ara-4,0.025346247134250932,-0.025346247134250932,570,556.8903159144013,571.8064859517873
Ara-4,0.025794949241357907,-0.025794949241357907,566,551.7673802464408,567.6566896241146
Ara-4,0.026251594677505093,-0.026251594677505093,562,546.6915713988035,563.5370097956143
Ara-4,0.02671632406266118,-0.02671632406266118,562,541.6624558432678,559.4472279004943
Ara-4,0.027189280506176233,-0.027189280506176233,558,536.6796040397161,555.3871269591701
Ara-4,0.02767060965085098,-0.02767060965085098,553,531.7425903994487,551.356491566751
Ara-4,0.028160459717786277,-0.028160459717786277,547,526.8509932488349,547.3551078816154
Ara-4,0.028658981552026445,-0.028658981552026445,545,522.0043947932974,543.3827636140622
Ara-4,0.029166328669010762,-0.029166328669010762,537,517.2023810816241,539.4392480150512
Ara-4,0.029682657301847097,-0.029682657301847097,535,512.4445419706198,535.5243518650203
Ara-4,0.030208126449422605,-0.030208126449422605,528,507.73047109006825,531.6378674627842
Ara-4,0.030742897925366015,-0.030742897925366015,525,503.0597658080294,527.7795886145187
Ara-4,0.03128713640787672,-0.03128713640787672,523,498.43202719644586,523.949310622817
Ara-4,0.03184100949043604,-0.03184100949043604,520,493.84685999707403,520.1468302758334
Ara-4,0.03240468773341604,-0.03240468773341604,516,489.30387258772186,516.3719458365001
Ara-4,0.03297834471660228,-0.03297834471660228,512,484.8026769488012,512.6244570318236
Ara-4,0.033562157092646046,-0.033562157092646046,507,480.3428886301882,508.9041650422619
Ara-4,0.03415630464146305,-0.03415630464146305,503,475.9241267183848,505.2108724911732
Ara-4,0.03476097032559513,-0.03476097032559513,497,471.54601380398543,501.544383434347
Ara-4,0.03537634034655181,-0.03537634034655181,493,467.208175949444,497.9045033496077
Ara-4,0.036002604202149624,-0.036002604202149624,489,462.91024265713247,494.29103912649225
Ara-4,0.036639954744866185,-0.036639954744866185,485,458.65184683769974,490.70379905600873
Ara-4,0.037288588241227424,-0.037288588241227424,483,454.4326247787154,487.1425928204614
Ara-4,0.03794870443224625,-0.03794870443224625,481,450.25221611360615,483.6072314833569
Ara-4,0.038620506594930853,-0.038620506594930853,479,446.1102637908777,480.09752747937887
Ara-4,0.03930420160488233,-0.03930420160488233,475,442.0064140436161,476.6132946044358
Ara-4,0.04,-0.04,472,437.94031635927536,473.15434800578487
Ara-5,0.01,-0.01,953,975.1147372726783,965.2465484811262
Ara-5,0.010177029011328716,-0.010177029011328716,949,966.1444788121308,956.6133736082234
Ara-5,0.010357191949742633,-0.010357191949742633,943,957.2567393965454,948.0574139385278
Ara-5,0.010540544294843095,-0.010540544294843095,935,948.4507599181675,939.5779788584827
Ara-5,0.010727142508381356,-0.010727142508381356,933,939.7257882524073,931.1743839313856
Ara-5,0.010917044051645456,-0.010917044051645456,929,931.0810791936112,922.8459508421424
Ara-5,0.011110307403154938,-0.011110307403154938,924,922.515894391409,914.5920073425182
Ara-5,0.011306992076668802,-0.011306992076668802,918,914.029502287645,906.4118871968707
Ara-5,0.011507158639512226,-0.011507158639512226,902,905.6211780539054,898.3049301283759
Ara-5,0.01171086873122778,-0.01171086873122778,895,897.2902035296045,890.270481765735
Ara-5,0.011918185082556742,-0.011918185082556742,888,889.0358671606455,882.3078935903499
Ara-5,0.01212917153475651,-0.01212917153475651,882,880.8574639386475,874.4165228839798
Ara-5,0.012343893059259944,-0.012343893059259944,875,872.7542953407317,866.5957326768645
Ara-5,0.012562415777682757,-0.012562415777682757,863,864.7256692698601,858.8448916963054
Ara-5,0.0127848069821851,-0.0127848069821851,859,856.7708999957165,851.1633743157133
Ara-5,0.013011135156193569,-0.013011135156193569,847,848.889308096148,843.550560504112
Ara-5,0.013241469995490094,-0.013241469995490094,838,841.0802203991301,836.0058357760861
Ara-5,0.01347588242967414,-0.01347588242967414,827,833.3429699252657,828.5285911421848
Ara-5,0.013714444644004856,-0.013714444644004856,819,825.676895830828,821.1182230597651
Ara-5,0.013957230101629914,-0.013957230101629914,810,818.0813433513117,813.7741333842748
Ara-5,0.014204313566207808,-0.014204313566207808,804,810.5556637455057,806.4957293209741
Ara-5,0.01445577112493069,-0.01445577112493069,799,803.0992142400921,799.2824233770857
Ara-5,0.014711680211954759,-0.014711680211954759,792,795.711357974741,792.13363331437
Ara-5,0.014972119632245416,-0.014972119632245416,785,788.3914639477149,785.0487821021355
Ara-5,0.015237169585844574,-0.015237169585844574,772,781.1389069619796,778.0272978706599
Ara-5,0.01550691169256758,-0.01550691169256758,769,773.9530675717996,771.0686138650248
Ara-5,0.015781429017137274,-0.015781429017137274,763,766.8333320298368,764.1721683993784
Ara-5,0.016060806094763087,-0.016060806094763087,757,759.7790922347227,757.33740481159
Ara-5,0.016345128957172897,-0.016345128957172897,751,752.7897456791283,750.5637714183209
Ara-5,0.016634485159105764,-0.016634485159105764,745,745.8646953982983,743.8507214704955
Ara-5,0.016928963805273624,-0.016928963805273624,737,739.0033499190645,737.1977131091656
Ara-5,0.017228655577800345,-0.017228655577800345,731,732.2051232093283,730.6042093217756
Ara-5,0.01753365276414644,-0.01753365276414644,723,725.4694346280075,724.0696778988147
Ara-5,0.017844049285528227,-0.017844049285528227,713,718.7957088754445,717.5935913908617
Ara-5,0.01815994072584002,-0.01815994072584002,704,712.1833759442658,711.1754270660052
Ara-5,0.018481424361088364,-0.018481424361088364,696,705.6318710707025,704.8146668676573
Ara-5,0.018808599189347356,-0.018808599189347356,686,699.1406346863488,698.510797372728
Ara-5,0.01914156596124418,-0.01914156596124418,682,692.7091123703707,692.263309750194
Ara-5,0.019480427210984426,-0.019480427210984426,679,686.336754802154,686.0716997200186
Ara-5,0.019825287287926586,-0.019825287287926586,673,680.0230177143856,679.9354675124512
Ara-5,0.020176252388715517,-0.020176252388715517,670,673.767361846563,673.8541178276885
Ara-5,0.02053343058998481,-0.02053343058998481,664,667.5692528989441,667.827159795892
Ara-5,0.020896931881637992,-0.020896931881637992,657,661.4281614869043,661.8541069375681
Ara-5,0.02126686820071898,-0.02126686820071898,651,655.3435630957274,655.9344771243021
Ara-5,0.021643353465882118,-0.021643353465882118,645,649.3149380358012,650.0677925398393
Ara-5,0.022026503612472412,-0.022026503612472412,641,643.3417713982365,644.2535796415187
Ara-5,0.02241643662822685,-0.02241643662822685,638,637.4235530108803,638.4913691220494
Ara-5,0.022813272589607633,-0.022813272589607633,633,631.5597773947502,632.780695871631
Ara-5,0.023217133698778706,-0.023217133698778706,628,625.7499437208565,627.1210989404079
Ara-5,0.023628144321236846,-0.023628144321236846,624,619.9935557674254,621.5121215012667
Ara-5,0.02404643102410891,-0.02404643102410891,622,614.2901218775196,615.9533108129588
Ara-5,0.024472122615127125,-0.024472122615127125,616,608.6391549170421,610.4442181835581
Ara-5,0.02490535018229423,-0.02490535018229423,613,603.0401722331322,604.9843989342442
Ara-5,0.025346247134250932,-0.025346247134250932,607,597.4926956129403,599.5734123634074
Ara-5,0.025794949241357907,-0.025794949241357907,607,591.9962512427851,594.2108217110798
Ara-5,0.026251594677505093,-0.026251594677505093,597,586.5503696676839,588.8961941236771
Ara-5,0.02671632406266118,-0.02671632406266118,591,581.1545857512549,583.6291006190619
Ara-5,0.027189280506176233,-0.027189280506176233,581,575.808438635991,578.4091160519191
Ara-5,0.02767060965085098,-0.02767060965085098,572,570.5114717038989,573.2358190794358
Ara-5,0.028160459717786277,-0.028160459717786277,569,565.2632325374958,568.1087921272936
Ara-5,0.028658981552026445,-0.028658981552026445,560,560.0632728811703,563.0276213559646
Ara-5,0.029166328669010762,-0.029166328669010762,556,554.9111486028975,557.9918966273041
Ara-5,0.029682657301847097,-0.029682657301847097,553,549.8064196563025,553.0012114714474
Ara-5,0.030208126449422605,-0.030208126449422605,547,544.7486500430774,548.0551630540015
Ara-5,0.030742897925366015,-0.030742897925366015,543,539.7374077757438,543.1533521435272
Ara-5,0.03128713640787672,-0.03128713640787672,541,534.7722648407536,538.2953830793155
Ara-5,0.03184100949043604,-0.03184100949043604,538,529.8527971619332,533.4808637394503
Ara-5,0.03240468773341604,-0.03240468773341604,535,524.9785845642648,528.7094055091598
Ara-5,0.03297834471660228,-0.03297834471660228,531,520.1492107379959,523.9806232494443
Ara-5,0.033562157092646046,-0.033562157092646046,524,515.364263203083,519.294135265992
Ara-5,0.03415630464146305,-0.03415630464146305,516,510.62333327396385,514.6495632783701
Ara-5,0.03476097032559513,-0.03476097032559513,509,505.92601602464686,510.0465323894878
Ara-5,0.03537634034655181,-0.03537634034655181,504,501.27191025413066,505.48467105533996
Ara-5,0.036002604202149624,-0.036002604202149624,500,496.6606184521333,500.9636110550117
Ara-5,0.036639954744866185,-0.036639954744866185,496,492.0917467651442,496.4829874609628
Ara-5,0.037288588241227424,-0.037288588241227424,489,487.5649049627818,492.0424386095669
Ara-5,0.03794870443224625,-0.03794870443224625,480,483.079706404465,487.64160607192076
Ara-5,0.038620506594930853,-0.038620506594930853,478,478.6357680063915,483.2801346249142
Ara-5,0.03930420160488233,-0.03930420160488233,476,474.23271020881486,478.9576722225547
Ara-5,0.04,-0.04,474,469.8701569436298,474.6738699675529
Ara-6,0.01,-0.01,1027,1012.292821831101,1042.5916071497861
Ara-6,0.010177029011328716,-0.010177029011328716,1018,1002.9805553844063,1032.229641006382
Ara-6,0.010357191949742633,-0.010357191949742633,1012,993.7539541765675,1021.9706589476579
Ara-6,0.010540544294843095,-0.010540544294843095,1004,984.6122301574145,1011.8136374495513
Ara-6,0.010727142508381356,-0.010727142508381356,994,975.5546025261973,1001.7575631604549
Ara-6,0.010917044051645456,-0.010917044051645456,984,966.5802976648921,991.8014328001266
Ara-6,0.011110307403154938,-0.011110307403154938,974,957.688549072128,981.9442530595869
Ara-6,0.011306992076668802,-0.011306992076668802,965,948.8785972977224,972.1850405020176
Ara-6,0.011507158639512226,-0.011507158639512226,954,940.1496898778132,962.5228214646468
Ara-6,0.01171086873122778,-0.01171086873122778,952,931.5010812705892,952.9566319616102
Ara-6,0.011918185082556742,-0.011918185082556742,945,922.9320327926142,943.4855175877739
Ara-6,0.01212917153475651,-0.01212917153475651,934,914.4418125557394,934.1085334235122
Ara-6,0.012343893059259944,-0.012343893059259944,924,906.0296954045825,924.8247439404375
Ara-6,0.012562415777682757,-0.012562415777682757,916,897.6949628546042,915.6332229080651
Ara-6,0.0127848069821851,-0.0127848069821851,901,889.4369030307311,906.5330533013995
Ara-6,0.013011135156193569,-0.013011135156193569,891,881.2548106065618,897.5233272094501
Ara-6,0.013241469995490094,-0.013241469995490094,884,873.1479867441184,888.6031457446444
Ara-6,0.01347588242967414,-0.01347588242967414,876,865.1157390341639,879.7716189531529
Ara-6,0.013714444644004856,-0.013714444644004856,867,857.1573814370579,871.0278657260951
Ara-6,0.013957230101629914,-0.013957230101629914,858,849.2722342241643,862.3710137116336
Ara-6,0.014204313566207808,-0.014204313566207808,853,841.4596239197958,853.8001992279438
Ara-6,0.01445577112493069,-0.01445577112493069,845,833.718883243692,845.3145671770427
Ara-6,0.014711680211954759,-0.014711680211954759,842,826.0493510540208,836.9132709594764
Ara-6,0.014972119632245416,-0.014972119632245416,837,818.4503722909188,828.5954723898572
Ara-6,0.015237169585844574,-0.015237169585844574,826,810.9212979205382,820.3603416132412
Ara-6,0.01550691169256758,-0.01550691169256758,819,803.4614848796075,812.20705702233
Ara-6,0.015781429017137274,-0.015781429017137274,809,796.0702960205157,804.1348051755057
Ara-6,0.016060806094763087,-0.016060806094763087,796,788.7471000568887,796.1427807156692
Ara-6,0.016345128957172897,-0.016345128957172897,791,781.4912715096691,788.2301862898961
Ara-6,0.016634485159105764,-0.016634485159105764,783,774.302190653696,780.3962324698828
Ara-6,0.016928963805273624,-0.016928963805273624,777,767.1792434647751,772.6401376731886
Ara-6,0.017228655577800345,-0.017228655577800345,770,760.1218215672309,764.9611280852529
Ara-6,0.01753365276414644,-0.01753365276414644,760,753.1293221819467,757.3584375822008
Ara-6,0.017844049285528227,-0.017844049285528227,751,746.2011480748821,749.8313076544036
Ara-6,0.01815994072584002,-0.01815994072584002,744,739.3367075060627,742.3789873308023
Ara-6,0.018481424361088364,-0.018481424361088364,737,732.5354141790338,735.0007331039858
Ara-6,0.018808599189347356,-0.018808599189347356,729,725.7966871907929,727.6958088560144
Ara-6,0.01914156596124418,-0.01914156596124418,723,719.1199509821698,720.4634857849742
Ara-6,0.019480427210984426,-0.019480427210984426,717,712.5046352886666,713.3030423322675
Ara-6,0.019825287287926586,-0.019825287287926586,712,705.9501750917525,706.2137641106252
Ara-6,0.020176252388715517,-0.020176252388715517,704,699.4560105706076,699.1949438328325
Ara-6,0.02053343058998481,-0.02053343058998481,696,693.0215870543038,692.2458812411618
Ara-6,0.020896931881637992,-0.020896931881637992,691,686.646354974432,685.3658830375111
Ara-6,0.02126686820071898,-0.02126686820071898,685,680.3297698181653,678.5542628142356
Ara-6,0.021643353465882118,-0.021643353465882118,678,674.0712920817479,671.8103409856641
Ara-6,0.022026503612472412,-0.022026503612472412,668,667.8703872244171,665.133444720297
Ara-6,0.02241643662822685,-0.02241643662822685,666,661.7265256227503,658.52290787368
Ara-6,0.022813272589607633,-0.022813272589607633,659,655.6391825254253,651.9780709219447
Ara-6,0.023217133698778706,-0.023217133698778706,654,649.6078380084052,645.4982808960082
Ara-6,0.023628144321236846,-0.023628144321236846,649,643.6319769305268,639.0828913164253
Ara-6,0.02404643102410891,-0.02404643102410891,644,637.7110888895071,632.7312621288922
Ara-6,0.024472122615127125,-0.024472122615127125,639,631.8446681783447,626.4427596403907
Ara-6,0.02490535018229423,-0.02490535018229423,629,626.0322137421298,620.2167564559616
Ara-6,0.025346247134250932,-0.025346247134250932,617,620.2732291352494,614.0526314161125
Ara-6,0.025794949241357907,-0.025794949241357907,608,614.5672224789828,607.949769534847
Ara-6,0.026251594677505093,-0.026251594677505093,605,608.9137064194914,601.9075619383065
Ara-6,0.02671632406266118,-0.02671632406266118,601,603.3121980861954,595.9254058040236
Ara-6,0.027189280506176233,-0.027189280506176233,597,597.7622190505275,590.0027043007797
Ara-6,0.02767060965085098,-0.02767060965085098,590,592.2632952850724,584.1388665290614
Ara-6,0.028160459717786277,-0.028160459717786277,583,586.8149571230808,578.3333074621061
Ara-6,0.028658981552026445,-0.028658981552026445,575,581.4167392183538,572.5854478875337
Ara-6,0.029166328669010762,-0.029166328669010762,568,576.068180505494,566.8947143495608
Ara-6,0.029682657301847097,-0.029682657301847097,559,570.7688241605323,561.2605390917886
Ara-6,0.030208126449422605,-0.030208126449422605,554,565.5182175619044,555.6823600005558
Ara-6,0.030742897925366015,-0.030742897925366015,548,560.3159122517962,550.159620548861
Ara-6,0.03128713640787672,-0.03128713640787672,542,555.161463897837,544.6917697408348
Ara-6,0.03184100949043604,-0.03184100949043604,535,550.0544322551526,539.2782620567715
Ara-6,0.03240468773341604,-0.03240468773341604,526,544.9943811287602,533.9185573987019
Ara-6,0.03297834471660228,-0.03297834471660228,515,539.9808783363145,528.6121210365054
Ara-6,0.033562157092646046,-0.033562157092646046,513,535.0134956711958,523.3584235545668
Ara-6,0.03415630464146305,-0.03415630464146305,512,530.0918088659336,518.1569407989531
Ara-6,0.03476097032559513,-0.03476097032559513,509,525.2153975559717,513.0071538251192
Ara-6,0.03537634034655181,-0.03537634034655181,505,520.3838452437654,507.90854884613657
Ara-6,0.036002604202149624,-0.036002604202149624,501,515.5967392632051,502.86061718142963
Ara-6,0.036639954744866185,-0.036639954744866185,495,510.8536707443738,497.8628552060293
Ara-6,0.037288588241227424,-0.037288588241227424,492,506.1542345786224,492.9147643003237
Ara-6,0.03794870443224625,-0.03794870443224625,484,501.4980293839699,488.01585080031305
Ara-6,0.038620506594930853,-0.038620506594930853,479,496.88465747082296,483.16562594835875
Ara-6,0.03930420160488233,-0.03930420160488233,474,492.31372480800553,478.36360584441775
Ara-6,0.04,-0.04,466,487.78484098910815,473.60931139776784
Ara+1,0.01,-0.01,854,891.1399542099283,855.681223039873
Ara+1,0.010177029011328716,-0.010177029011328716,847,882.9421951070956,848.6815998829459
Ara+1,0.010357191949742633,-0.010357191949742633,839,874.8198486866253,841.7392348766242
Ara+1,0.010540544294843095,-0.010540544294843095,832,866.7722212134894,834.8536596391482
Ara+1,0.010727142508381356,-0.010727142508381356,826,858.7986253344495,828.0244096202038
Ara+1,0.010917044051645456,-0.010917044051645456,815,850.8983800193596,821.2510240695799
Ara+1,0.011110307403154938,-0.011110307403154938,807,843.0708105029944,814.5330460060836
Ara+1,0.011306992076668802,-0.011306992076668802,797,835.3152482274127,807.870022186708
Ara+1,0.011507158639512226,-0.011507158639512226,788,827.631030784864,801.2615030760558
Ara+1,0.01171086873122778,-0.01171086873122778,782,820.0175018612072,794.7070428160056
Ara+1,0.011918185082556742,-0.011918185082556742,778,812.4740111798532,788.206199195637
Ara+1,0.01212917153475651,-0.01212917153475651,775,804.9999144462257,781.7585336213906
Ara+1,0.012343893059259944,-0.012343893059259944,770,797.5945732927337,775.3636110874803
Ara+1,0.012562415777682757,-0.012562415777682757,765,790.2573552242466,769.0210001465439
Ara+1,0.0127848069821851,-0.0127848069821851,758,782.9876335640677,762.7302728805348
Ara+1,0.013011135156193569,-0.013011135156193569,754,775.7847874004179,756.4910048718513
Ara+1,0.013241469995490094,-0.013241469995490094,746,768.6482015333992,750.3027751747017
Ara+1,0.01347588242967414,-0.01347588242967414,738,761.5772664224451,744.1651662867072
Ara+1,0.013714444644004856,-0.013714444644004856,734,754.5713781342683,738.0777641207301
Ara+1,0.013957230101629914,-0.013957230101629914,733,747.6299382912742,732.0401579769381
Ara+1,0.014204313566207808,-0.014204313566207808,726,740.7523540204489,726.0519405150981
Ara+1,0.01445577112493069,-0.01445577112493069,716,733.9380379027295,720.11270772709
Ara+1,0.014711680211954759,-0.014711680211954759,709,727.1864079228275,714.2220589096517
Ara+1,0.014972119632245416,-0.014972119632245416,708,720.4968874195173,708.3795966373439
Ara+1,0.015237169585844574,-0.015237169585844574,702,713.868905036388,702.5849267357391
Ara+1,0.01550691169256758,-0.01550691169256758,698,707.301894673038,696.8376582548248
Ara+1,0.015781429017137274,-0.015781429017137274,696,700.7952954367296,691.1374034426275
Ara+1,0.016060806094763087,-0.016060806094763087,693,694.3485515944756,685.4837777190559
Ara+1,0.016345128957172897,-0.016345128957172897,686,687.9611125255816,679.8763996499492
Ara+1,0.016634485159105764,-0.016634485159105764,681,681.6324326746129,674.3148909213462
Ara+1,0.016928963805273624,-0.016928963805273624,672,675.3619715047976,668.7988763139602
Ara+1,0.017228655577800345,-0.017228655577800345,666,669.1491934518608,663.3279836778647
Ara+1,0.01753365276414644,-0.01753365276414644,661,662.9935678782806,657.9018439073845
Ara+1,0.017844049285528227,-0.017844049285528227,658,656.8945690279683,652.5200909161955
Ara+1,0.01815994072584002,-0.01815994072584002,656,650.8516759813589,647.1823616126225
Ara+1,0.018481424361088364,-0.018481424361088364,652,644.8643726109242,641.8882958751446
Ara+1,0.018808599189347356,-0.018808599189347356,649,638.9321475370854,636.6375365280984
Ara+1,0.01914156596124418,-0.01914156596124418,644,633.0544940845377,631.4297293175813
Ara+1,0.019480427210984426,-0.019480427210984426,638,627.2309102389764,626.2645228875489
Ara+1,0.019825287287926586,-0.019825287287926586,632,621.4608986042182,621.1415687561115
Ara+1,0.020176252388715517,-0.020176252388715517,629,615.743966359715,616.0605212920219
Ara+1,0.02053343058998481,-0.02053343058998481,620,610.0796252184687,611.0210376913595
Ara+1,0.020896931881637992,-0.020896931881637992,617,604.4673913853195,606.0227779543982
Ara+1,0.02126686820071898,-0.02126686820071898,609,598.90678551563,601.0654048626701
Ara+1,0.021643353465882118,-0.021643353465882118,602,593.3973326743393,596.1485839562133
Ara+1,0.022026503612472412,-0.022026503612472412,599,587.9385622954036,591.271983511009
Ara+1,0.02241643662822685,-0.02241643662822685,592,582.5300081415982,586.4352745165977
Ara+1,0.022813272589607633,-0.022813272589607633,588,577.1712082647031,581.6381306538838
Ara+1,0.023217133698778706,-0.023217133698778706,580,571.8617049660435,576.880228273119
Ara+1,0.023628144321236846,-0.023628144321236846,576,566.601044757397,572.1612463720685
Ara+1,0.02404643102410891,-0.02404643102410891,573,561.3887783222638,567.4808665743508
Ara+1,0.024472122615127125,-0.024472122615127125,568,556.2244604774875,562.8387731079598
Ara+1,0.02490535018229423,-0.02490535018229423,560,551.1076501352329,558.2346527839594
Ara+1,0.025346247134250932,-0.025346247134250932,554,546.0379102653123,553.6681949753561
Ara+1,0.025794949241357907,-0.025794949241357907,550,541.0148078578591,549.1390915961377
Ara+1,0.026251594677505093,-0.026251594677505093,544,536.0379138863435,544.6470370804913
Ara+1,0.02671632406266118,-0.02671632406266118,539,531.1068032709283,540.1917283621851
Ara+1,0.027189280506176233,-0.027189280506176233,537,526.221054842163,535.7728648541231
Ara+1,0.02767060965085098,-0.02767060965085098,530,521.3802513050135,531.3901484280653
Ara+1,0.028160459717786277,-0.028160459717786277,523,516.5839792032175,527.0432833945122
Ara+1,0.028658981552026445,-0.028658981552026445,513,511.831828883972,522.7319764827567
Ara+1,0.029166328669010762,-0.029166328669010762,511,507.12339446294646,518.4559368210978
Ara+1,0.029682657301847097,-0.029682657301847097,510,502.4582737896131,514.2148759172171
Ara+1,0.030208126449422605,-0.030208126449422605,504,497.8360684129002,510.00850763871296
Ara+1,0.030742897925366015,-0.030742897925366015,499,493.2563835471614,505.8365481937978
Ara+1,0.03128713640787672,-0.03128713640787672,498,488.7188280384545,501.69871611215075
Ara+1,0.03184100949043604,-0.03184100949043604,495,484.2230143311335,497.5947322259273
Ara+1,0.03240468773341604,-0.03240468773341604,490,479.7685584347491,493.5243196509266
Ara+1,0.03297834471660228,-0.03297834471660228,487,475.35507989124875,489.48720376790766
Ara+1,0.033562157092646046,-0.033562157092646046,484,470.982201742483,485.4831122040637
Ara+1,0.03415630464146305,-0.03415630464146305,481,466.6495504980107,481.51177481464634
Ara+1,0.03476097032559513,-0.03476097032559513,476,462.3567561031955,477.5729236647379
Ara+1,0.03537634034655181,-0.03537634034655181,471,458.103451907603,473.6662930111758
Ara+1,0.036002604202149624,-0.036002604202149624,466,453.8892746336814,469.7916192846234
Ara+1,0.036639954744866185,-0.036639954744866185,461,449.713864345737,465.9486410717872
Ara+1,0.037288588241227424,-0.037288588241227424,457,445.5768644191891,462.13709909778174
Ara+1,0.03794870443224625,-0.03794870443224625,455,441.4779215101116,458.3567362086343
Ara+1,0.038620506594930853,-0.038620506594930853,453,437.41668552505485,454.6072973539383
Ara+1,0.03930420160488233,-0.03930420160488233,451,433.39280959114114,450.8885295696435
Ara+1,0.04,-0.04,447,429.4059500264413,447.2001819609904
Ara+2,0.01,-0.01,1202,1124.4253067204336,1215.788137726388
Ara+2,0.010177029011328716,-0.010177029011328716,1187,1114.081513077161,1202.2238495960323
Ara+2,0.010357191949742633,-0.010357191949742633,1178,1103.832873879714,1188.8108953262185
Ara+2,0.010540544294843095,-0.010540544294843095,1166,1093.6785137849797,1175.5475865174444
Ara+2,0.010727142508381356,-0.010727142508381356,1153,1083.6175655022791,1162.4322536073148
Ara+2,0.010917044051645456,-0.010917044051645456,1147,1073.6491697193044,1149.4632456603927
Ara+2,0.011110307403154938,-0.011110307403154938,1137,1063.7724750287182,1136.6389301603674
Ara+2,0.011306992076668802,-0.011306992076668802,1127,1053.9866378554293,1123.9576928045674
Ara+2,0.011507158639512226,-0.011507158639512226,1118,1044.2908223845534,1111.4179373007485
Ara+2,0.01171086873122778,-0.01171086873122778,1111,1034.6842004900186,1099.0180851661619
Ara+2,0.011918185082556742,-0.011918185082556742,1099,1025.1659516638347,1086.7565755288467
Ara+2,0.01212917153475651,-0.01212917153475651,1089,1015.7352629460136,1074.6318649311609
Ara+2,0.012343893059259944,-0.012343893059259944,1083,1006.3913288551366,1062.6424271354877
Ara+2,0.012562415777682757,-0.012562415777682757,1069,997.1333513195566,1050.7867529321175
Ara+2,0.0127848069821851,-0.0127848069821851,1060,987.9605396092276,1039.06334994927
Ara+2,0.013011135156193569,-0.013011135156193569,1046,978.8721102681794,1027.470742465238
Ara+2,0.013241469995490094,-0.013241469995490094,1026,969.8672870475958,1016.0074712226257
Ara+2,0.01347588242967414,-0.01347588242967414,1008,960.9453008395103,1004.6720932446574
Ara+2,0.013714444644004856,-0.013714444644004856,998,952.105389611126,993.463181653546
Ara+2,0.013957230101629914,-0.013957230101629914,979,943.3467983397248,982.3793254908687
Ara+2,0.014204313566207808,-0.014204313566207808,973,934.6687789481753,971.4191295399675
Ara+2,0.01445577112493069,-0.01445577112493069,960,926.0705902410491,960.581214150316
Ara+2,0.014711680211954759,-0.014711680211954759,950,917.5514978413092,949.8642150638575
Ara+2,0.014972119632245416,-0.014972119632245416,937,909.1107741275847,939.2667832432644
Ara+2,0.015237169585844574,-0.015237169585844574,927,900.7476981720293,928.7875847021365
Ara+2,0.01550691169256758,-0.01550691169256758,915,892.4615556787409,918.425300337068
Ara+2,0.015781429017137274,-0.015781429017137274,908,884.251638922759,908.1786257616141
Ara+2,0.016060806094763087,-0.016060806094763087,895,876.1172466896094,898.0462711420847
Ara+2,0.016345128957172897,-0.016345128957172897,886,868.0576842154222,888.0269610351916
Ara+2,0.016634485159105764,-0.016634485159105764,872,860.0722631275866,878.1194342274936
Ara+2,0.016928963805273624,-0.016928963805273624,861,852.1603013859551,868.3224435766379
Ara+2,0.017228655577800345,-0.017228655577800345,855,844.3211232245933,858.6347558543731
Ara+2,0.01753365276414644,-0.01753365276414644,846,836.5540590940599,849.0551515913083
Ara+2,0.017844049285528227,-0.017844049285528227,833,828.8584456042237,839.5824249234173
Ara+2,0.01815994072584002,-0.01815994072584002,824,821.2336254675969,830.2153834402343
Ara+2,0.018481424361088364,-0.018481424361088364,815,813.6789474432028,820.9528480347684
Ara+2,0.018808599189347356,-0.018808599189347356,803,806.1937662809466,811.7936527550669
Ara+2,0.01914156596124418,-0.01914156596124418,796,798.7774426665076,802.7366446574597
Ara+2,0.019480427210984426,-0.019480427210984426,791,791.4293431667348,793.7806836614164
Ara+2,0.019825287287926586,-0.019825287287926586,783,784.1488401755458,784.9246424060473
Ara+2,0.020176252388715517,-0.020176252388715517,778,776.9353118603166,776.1674061081816
Ara+2,0.02053343058998481,-0.02053343058998481,765,769.7881421087797,767.507872422049
Ara+2,0.020896931881637992,-0.020896931881637992,756,762.7067204763938,758.944951300514
Ara+2,0.02126686820071898,-0.02126686820071898,747,755.6904421342108,750.4775648578642
Ara+2,0.021643353465882118,-0.021643353465882118,743,748.7387078172118,742.104647234127
Ara+2,0.022026503612472412,-0.022026503612472412,735,741.8509237731297,733.8251444609022
Ara+2,0.02241643662822685,-0.02241643662822685,728,735.0265017117281,725.6380143286891
Ara+2,0.022813272589607633,-0.022813272589607633,717,728.2648587545639,717.542226255694
Ara+2,0.023217133698778706,-0.023217133698778706,709,721.5654173851984,709.5367611581074
Ara+2,0.023628144321236846,-0.023628144321236846,696,714.9276053998703,701.6206113218153
Ara+2,0.02404643102410891,-0.02404643102410891,690,708.3508558586276,693.7927802755592
Ara+2,0.024472122615127125,-0.024472122615127125,685,701.8346070369004,686.0522826654927
Ara+2,0.02490535018229423,-0.02490535018229423,678,695.3783023775266,678.3981441311544
Ara+2,0.025346247134250932,-0.025346247134250932,674,688.9813904432139,670.8294011828125
Ara+2,0.025794949241357907,-0.025794949241357907,666,682.6433248694441,663.3451010801866
Ara+2,0.026251594677505093,-0.026251594677505093,657,676.3635643178055,655.9443017125122
Ara+2,0.02671632406266118,-0.02671632406266118,650,670.1415724297563,648.6260714799552
Ara+2,0.027189280506176233,-0.027189280506176233,645,663.9768177808147,641.389489176341
Ara+2,0.02767060965085098,-0.02767060965085098,635,657.8687738351716,634.2336438731954
Ara+2,0.028160459717786277,-0.028160459717786277,626,651.8169189007151,627.157634805078
Ara+2,0.028658981552026445,-0.028658981552026445,618,645.8207360844742,620.160571256196
Ara+2,0.029166328669010762,-0.029166328669010762,614,639.8797132484726,613.2415724482825
Ara+2,0.029682657301847097,-0.029682657301847097,606,633.9933429659827,606.3997674297229
Ara+2,0.030208126449422605,-0.030208126449422605,597,628.1611224781884,599.6342949659277
Ara+2,0.030742897925366015,-0.030742897925366015,591,622.3825536512451,592.9443034309128
Ara+2,0.03128713640787672,-0.03128713640787672,578,616.6571429337307,586.3289507001072
Ara+2,0.03184100949043604,-0.03184100949043604,574,610.9844013144929,579.7874040443395
Ara+2,0.03240468773341604,-0.03240468773341604,568,605.3638442808838,573.3188400250239
Ara+2,0.03297834471660228,-0.03297834471660228,561,599.7949917773741,566.9224443904985
Ara+2,0.033562157092646046,-0.033562157092646046,555,594.2773681645531,560.5974119735357
Ara+2,0.03415630464146305,-0.03415630464146305,551,588.8105021785053,554.3429465899859
Ara+2,0.03476097032559513,-0.03476097032559513,549,583.3939268905559,548.158260938554
Ara+2,0.03537634034655181,-0.03537634034655181,545,578.0271796673944,542.0425765016998
Ara+2,0.036002604202149624,-0.036002604202149624,540,572.7098021315564,535.9951234476348
Ara+2,0.036639954744866185,-0.036639954744866185,530,567.4413401222776,530.0151405334201
Ara+2,0.037288588241227424,-0.037288588241227424,526,562.2213436566997,524.1018750091395
Ara+2,0.03794870443224625,-0.03794870443224625,524,557.0493668914393,518.2545825231492
Ara+2,0.038620506594930853,-0.038620506594930853,520,551.9249680845087,512.4725270283758
Ara+2,0.03930420160488233,-0.03930420160488233,516,546.8477095575837,506.7549806896664
Ara+2,0.04,-0.04,509,541.8171576586248,501.10122379216745
Ara+3,0.01,-0.01,1075,1112.4327504253372,1077.3703226470639
Ara+3,0.010177029011328716,-0.010177029011328716,1069,1102.199278496482,1068.3252298769487
Ara+3,0.010357191949742633,-0.010357191949742633,1062,1092.059946143865,1059.3560754369514
Ara+3,0.010540544294843095,-0.010540544294843095,1052,1082.01388736034,1050.4622217846922
Ara+3,0.010727142508381356,-0.010727142508381356,1047,1072.060244105321,1041.6430367302917
Ara+3,0.010917044051645456,-0.010917044051645456,1038,1062.198166231491,1032.8978933914434
Ara+3,0.011110307403154938,-0.011110307403154938,1027,1052.4268114121942,1024.2261701488492
Ara+3,0.011306992076668802,-0.011306992076668802,1018,1042.745345069492,1015.627250602027
Ara+3,0.011507158639512226,-0.011507158639512226,1011,1033.1529403028821,1007.1005235255085
Ara+3,0.01171086873122778,-0.01171086873122778,1000,1023.6487778186679,998.6453828253848
Ara+3,0.011918185082556742,-0.011918185082556742,990,1014.2320458599855,990.2612274962235
Ara+3,0.01212917153475651,-0.01212917153475651,981,1004.9019401374741,981.9474615783503
Ara+3,0.012343893059259944,-0.012343893059259944,973,995.6576637605713,973.7034941154886
Ara+3,0.012562415777682757,-0.012562415777682757,966,986.4984271694627,965.5287391127532
Ara+3,0.0127848069821851,-0.0127848069821851,962,977.4234480676342,957.4226154949895
Ara+3,0.013011135156193569,-0.013011135156193569,955,968.4319513550639,949.3845470654815
Ara+3,0.013241469995490094,-0.013241469995490094,949,959.5231690620128,941.4139624649882
Ara+3,0.01347588242967414,-0.01347588242967414,941,950.6963402834391,933.5102951311269
Ara+3,0.013714444644004856,-0.013714444644004856,930,941.950711114003,925.6729832581094
Ara+3,0.013957230101629914,-0.013957230101629914,919,933.2855345836773,917.9014697568044
Ara+3,0.014204313566207808,-0.014204313566207808,910,924.7000705939504,910.195202215133
Ara+3,0.01445577112493069,-0.01445577112493069,900,916.1935858546126,902.5536328588121
Ara+3,0.014711680211954759,-0.014711680211954759,891,907.7653538211199,894.9762185124122
Ara+3,0.014972119632245416,-0.014972119632245416,887,899.414654632549,887.462420560746
Ara+3,0.015237169585844574,-0.015237169585844574,883,891.1407750501085,880.0117049105883
Ara+3,0.01550691169256758,-0.01550691169256758,878,882.9430083962162,872.6235419527054
Ara+3,0.015781429017137274,-0.015781429017137274,870,874.820654494151,865.2974065242161
Ara+3,0.016060806094763087,-0.016060806094763087,866,866.7730196082438,858.032777871256
Ara+3,0.016345128957172897,-0.016345128957172897,856,858.7994163846255,850.829139611966
Ara+3,0.016634485159105764,-0.016634485159105764,850,850.8991637925207,843.6859796997837
Ara+3,0.016928963805273624,-0.016928963805273624,841,843.0715870660823,836.602790387051
Ara+3,0.017228655577800345,-0.017228655577800345,837,835.3160176467558,829.5790681889168
Ara+3,0.01753365276414644,-0.01753365276414644,833,827.6317931261781,822.6143138475516
Ara+3,0.017844049285528227,-0.017844049285528227,823,820.0182571896037,815.7080322966607
Ara+3,0.01815994072584002,-0.01815994072584002,815,812.4747595598465,808.8597326262898
Ara+3,0.018481424361088364,-0.018481424361088364,809,805.0006559417349,802.0689280479357
Ara+3,0.018808599189347356,-0.018808599189347356,800,797.5953079670903,795.3351358599398
Ara+3,0.01914156596124418,-0.01914156596124418,789,790.258083140199,788.6578774131784
Ara+3,0.019480427210984426,-0.019480427210984426,783,782.9883547837891,782.0366780770416
Ara+3,0.019825287287926586,-0.019825287287926586,775,775.7855019855076,775.4710672056942
Ara+3,0.020176252388715517,-0.020176252388715517,767,768.6489095448894,768.9605781046198
Ara+3,0.02053343058998481,-0.02053343058998481,754,761.577967920809,762.5047479974494
Ara+3,0.020896931881637992,-0.020896931881637992,749,754.5720731794207,756.1031179930657
Ara+3,0.02126686820071898,-0.02126686820071898,737,747.6306269425788,749.7552330529862
Ara+3,0.021643353465882118,-0.021643353465882118,732,740.7530363367251,743.4606419590148
Ara+3,0.022026503612472412,-0.022026503612472412,728,733.9387139422537,737.2188972811722
Ara+3,0.02241643662822685,-0.02241643662822685,719,727.1870777433406,731.0295553458888
Ara+3,0.022813272589607633,-0.022813272589607633,714,720.4975510782293,724.8921762044683
Ara+3,0.023217133698778706,-0.023217133698778706,708,713.8695625899825,718.8063236018186
Ara+3,0.023628144321236846,-0.023628144321236846,700,707.3025461776768,712.7715649454362
Ara+3,0.02404643102410891,-0.02404643102410891,694,700.7959409480578,706.7874712746634
Ara+3,0.024472122615127125,-0.024472122615127125,687,694.3491911676279,700.8536172301912
Ara+3,0.02490535018229423,-0.02490535018229423,685,687.9617462151837,694.9695810238269
Ara+3,0.025346247134250932,-0.025346247134250932,682,681.6330605347887,689.1349444085142
Ara+3,0.025794949241357907,-0.025794949241357907,675,675.362593589173,683.3492926485993
Ara+3,0.026251594677505093,-0.026251594677505093,668,669.1498098135679,677.6122144903557
Ara+3,0.02671632406266118,-0.02671632406266118,663,662.9941785699644,671.923302132747
Ara+3,0.027189280506176233,-0.027189280506176233,658,656.8951741017878,666.2821511984423
Ara+3,0.02767060965085098,-0.02767060965085098,653,650.852275488994,660.6883607050734
Ara+3,0.028160459717786277,-0.028160459717786277,646,644.8649666035785,655.1415330367289
Ara+3,0.028658981552026445,-0.028658981552026445,644,638.9327360654934,649.6412739156933
Ara+3,0.029166328669010762,-0.029166328669010762,641,633.0550771989655,644.1871923744224
Ara+3,0.029682657301847097,-0.029682657301847097,637,627.2314879892286,638.7789007277489
Ara+3,0.030208126449422605,-0.030208126449422605,630,621.4614710396394,633.4160145453278
Ara+3,0.030742897925366015,-0.030742897925366015,629,615.7445335291987,628.0981526243104
Ara+3,0.03128713640787672,-0.03128713640787672,623,610.0801871704563,622.8249369622476
Ara+3,0.03184100949043604,-0.03184100949043604,619,604.4679481678087,617.5959927302192
Ara+3,0.03240468773341604,-0.03240468773341604,614,598.9073371761754,612.4109482461918
Ara+3,0.03297834471660228,-0.03297834471660228,609,593.3978792600586,607.2694349486003
Ara+3,0.033562157092646046,-0.033562157092646046,606,587.9391038529807,602.1710873701472
Ara+3,0.03415630464146305,-0.03415630464146305,599,582.5305447172888,597.1155431118261
Ara+3,0.03476097032559513,-0.03476097032559513,596,577.1717399043359,592.1024428171628
Ara+3,0.03537634034655181,-0.03537634034655181,590,571.8622317150264,587.1314301466691
Ara+3,0.036002604202149624,-0.036002604202149624,587,566.6015666607198,582.2021517525152
Ara+3,0.036639954744866185,-0.036639954744866185,585,561.3892954245026,577.3142572534139
Ara+3,0.037288588241227424,-0.037288588241227424,582,556.2249728228085,572.467399209713
Ara+3,0.03794870443224625,-0.03794870443224625,578,551.1081577673954,567.6612330986992
Ara+3,0.038620506594930853,-0.038620506594930853,573,546.0384132276743,562.8954172901111
Ara+3,0.03930420160488233,-0.03930420160488233,573,541.0153061933785,558.1696130218515
Ara+3,0.04,-0.04,567,536.0384076375834,553.4834843759122
Ara+5,0.01,-0.01,1025,987.8387648469464,1010.8752861428779
Ara+5,0.010177029011328716,-0.010177029011328716,1018,978.7514557341655,1000.9917064629142
Ara+5,0.010357191949742633,-0.010357191949742633,1008,969.7477424366622,991.2047610054201
Ara+5,0.010540544294843095,-0.010540544294843095,992,960.8268559412754,981.5135049535121
Ara+5,0.010727142508381356,-0.010727142508381356,978,951.9880343091304,971.9170027280165
Ara+5,0.010917044051645456,-0.010917044051645456,972,943.2305226105719,962.4143278971503
Ara+5,0.011110307403154938,-0.011110307403154938,964,934.5535728606808,953.0045630870858
Ara+5,0.011306992076668802,-0.011306992076668802,955,925.9564439553826,943.6867998933886
Ara+5,0.011507158639512226,-0.011507158639512226,946,917.4384016081596,934.460138793319
Ara+5,0.01171086873122778,-0.01171086873122778,932,908.9987182873285,925.3236890589952
Ara+5,0.011918185082556742,-0.011918185082556742,925,900.6366731539018,916.2765686714059
Ara+5,0.01212917153475651,-0.01212917153475651,910,892.3515520000209,907.3179042352596
Ara+5,0.012343893059259944,-0.012343893059259944,894,884.1426471879576,898.446830894666
Ara+5,0.012562415777682757,-0.012562415777682757,887,876.0092575896728,889.6624922496483
Ara+5,0.0127848069821851,-0.0127848069821851,878,867.9506885269277,880.9640402734633
Ara+5,0.013011135156193569,-0.013011135156193569,871,859.9662517119601,872.3506352307419
Ara+5,0.013241469995490094,-0.013241469995490094,864,852.0552651886925,863.821445596412
Ara+5,0.01347588242967414,-0.01347588242967414,857,844.2170532744814,855.3756479754314
Ara+5,0.013714444644004856,-0.013714444644004856,846,836.4509465024155,847.0124270232963
Ara+5,0.013957230101629914,-0.013957230101629914,839,828.7562815641321,838.7309753673284
Ara+5,0.014204313566207808,-0.014204313566207808,831,821.1324012531587,830.5304935287352
Ara+5,0.01445577112493069,-0.01445577112493069,823,813.5786544087894,822.4101898454273
Ara+5,0.014711680211954759,-0.014711680211954759,814,806.0943958604638,814.3692803955919
Ara+5,0.014972119632245416,-0.014972119632245416,810,798.6789863726613,806.4069889220141
Ara+5,0.015237169585844574,-0.015237169585844574,798,791.331792590308,798.5225467571444
Ara+5,0.01550691169256758,-0.01550691169256758,794,784.0521869846766,790.7151927488806
Ara+5,0.015781429017137274,-0.015781429017137274,785,776.839547799794,782.9841731870996
Ara+5,0.016060806094763087,-0.016060806094763087,774,769.6932589993295,775.3287417308873
Ara+5,0.016345128957172897,-0.016345128957172897,768,762.6127102139869,767.7481593364927
Ara+5,0.016634485159105764,-0.016634485159105764,760,755.5972966893679,760.2416941859777
Ara+5,0.016928963805273624,-0.016928963805273624,751,748.6464192343191,752.8086216165731
Ara+5,0.017228655577800345,-0.017228655577800345,745,741.7594841697562,745.448224050716
Ara+5,0.01753365276414644,-0.01753365276414644,740,734.935903277957,738.1597909267788
Ara+5,0.017844049285528227,-0.017844049285528227,732,728.1750937523229,730.9426186304727
Ara+5,0.01815994072584002,-0.01815994072584002,723,721.4764781475977,723.7960104269217
Ara+5,0.018481424361088364,-0.018481424361088364,715,714.8394843305515,716.719276393399
Ara+5,0.018808599189347356,-0.018808599189347356,705,708.2635454311105,709.7117333527248
Ara+5,0.01914156596124418,-0.01914156596124418,698,701.7480997939426,702.7727048073123
Ara+5,0.019480427210984426,-0.019480427210984426,691,695.2925909304868,695.9015208738616
Ara+5,0.019825287287926586,-0.019825287287926586,680,688.8964674714219,689.0975182186888
Ara+5,0.020176252388715517,-0.020176252388715517,676,682.559183119571,682.3600399936875
Ara+5,0.02053343058998481,-0.02053343058998481,668,676.2801966032483,675.6884357729194
Ara+5,0.020896931881637992,-0.020896931881637992,656,670.0589716300223,669.0820614898222
Ara+5,0.02126686820071898,-0.02126686820071898,651,663.8949768409155,662.5402793750359
Ara+5,0.021643353465882118,-0.021643353465882118,646,657.7876857650168,656.062457894827
Ara+5,0.022026503612472412,-0.022026503612472412,640,651.7365767745197,649.6479716901263
Ara+5,0.02241643662822685,-0.02241643662822685,634,645.7411330401629,643.2962015161553
Ara+5,0.022813272589607633,-0.022813272589607633,626,639.8008424870957,637.0065341826472
Ara+5,0.023217133698778706,-0.023217133698778706,619,633.9151977511364,630.7783624946495
Ara+5,0.023628144321236846,-0.023628144321236846,612,628.0836961354377,624.6110851939046
Ara+5,0.02404643102410891,-0.02404643102410891,608,622.3058395675542,618.5041069008079
Ara+5,0.024472122615127125,-0.024472122615127125,605,616.5811345568987,612.4568380569285
Ara+5,0.02490535018229423,-0.02490535018229423,600,610.9090921525941,606.4686948680967
Ara+5,0.025346247134250932,-0.025346247134250932,591,605.2892279017113,600.539099248044
Ara+5,0.025794949241357907,-0.025794949241357907,586,599.7210618078932,594.6674787625939
Ara+5,0.026251594677505093,-0.026251594677505093,581,594.2041182903567,588.8532665744021
Ara+5,0.02671632406266118,-0.02671632406266118,578,588.7379261432724,583.0959013882352
Ara+5,0.027189280506176233,-0.027189280506176233,570,583.3220184955187,577.3948273967831
Ara+5,0.02767060965085098,-0.02767060965085098,568,577.955932770809,571.7494942270014
Ara+5,0.028160459717786277,-0.028160459717786277,565,572.6392106481782,566.15935688698
Ara+5,0.028658981552026445,-0.028658981552026445,560,567.3713980228398,560.6238757133325
Ara+5,0.029166328669010762,-0.029166328669010762,556,562.1520449674016,555.1425163190935
Ara+5,0.029682657301847097,-0.029682657301847097,546,556.9807056934338,549.7147495421344
Ara+5,0.030208126449422605,-0.030208126449422605,541,551.8569385133964,544.3400513940752
Ara+5,0.030742897925366015,-0.030742897925366015,535,546.7803058029143,539.0179030097007
Ara+5,0.03128713640787672,-0.03128713640787672,532,541.750373963398,533.747790596872
Ara+5,0.03184100949043604,-0.03184100949043604,529,536.7667133850107,528.5292053869221
Ara+5,0.03240468773341604,-0.03240468773341604,524,531.828898409976,523.3616435855434
Ara+5,0.03297834471660228,-0.03297834471660228,519,526.9365072962196,518.2446063241504
Ara+5,0.033562157092646046,-0.033562157092646046,515,522.0891221813498,513.1775996117193
Ara+5,0.03415630464146305,-0.03415630464146305,513,517.2863290469687,508.1601342871016
Ara+5,0.03476097032559513,-0.03476097032559513,510,512.5277176833073,503.1917259717971
Ara+5,0.03537634034655181,-0.03537634034655181,507,507.8128816541928,498.271895023197
Ara+5,0.036002604202149624,-0.036002604202149624,503,503.1414182623313,493.40016648827594
Ara+5,0.036639954744866185,-0.036639954744866185,498,498.5129285149166,488.5760700577446
Ara+5,0.037288588241227424,-0.037288588241227424,494,493.9270170895489,483.7991400206429
Ara+5,0.03794870443224625,-0.03794870443224625,489,489.38329230047117,479.06891521938473
Ara+5,0.038620506594930853,-0.038620506594930853,486,484.8813660651165,474.3849390052355
Ara+5,0.03930420160488233,-0.03930420160488233,483,480.4208538709586,469.7467591942289
Ara+5,0.04,-0.04,478,476.00137474267393,465.15392802351545
Ara+6,0.01,-0.01,1689,1627.2395040803538,1763.4309665974079
Ara+6,0.010177029011328716,-0.010177029011328716,1677,1612.270230854477,1743.6571622401332
Ara+6,0.010357191949742633,-0.010357191949742633,1660,1597.4386627054182,1724.1050866299224
Ara+6,0.010540544294843095,-0.010540544294843095,1650,1582.7435328590386,1704.772253465386
Ara+6,0.010727142508381356,-0.010727142508381356,1637,1568.18358619449,1685.6562043246709
Ara+6,0.010917044051645456,-0.010917044051645456,1623,1553.7575791370057,1666.7545083528335
Ara+6,0.011110307403154938,-0.011110307403154938,1613,1539.46427955169,1648.0647619527415
Ara+6,0.011306992076668802,-0.011306992076668802,1601,1525.3024666382842,1629.584588479403
Ara+6,0.011507158639512226,-0.011507158639512226,1589,1511.270930826894,1611.3116379377682
Ara+6,0.01171086873122778,-0.01171086873122778,1575,1497.3684736746764,1593.2435866838755
Ara+6,0.011918185082556742,-0.011918185082556742,1568,1483.593907763483,1575.378137129385
Ara+6,0.01212917153475651,-0.01212917153475651,1550,1469.9460565984468,1557.7130174494062
Ara+6,0.012343893059259944,-0.012343893059259944,1540,1456.4237545074832,1540.2459812935977
Ara+6,0.012562415777682757,-0.012562415777682757,1529,1443.0258465417462,1522.9748075005316
Ara+6,0.0127848069821851,-0.0127848069821851,1513,1429.7511883769694,1505.897299815223
Ara+6,0.013011135156193569,-0.013011135156193569,1500,1416.5986462157387,1489.0112866098689
Ara+6,0.013241469995490094,-0.013241469995490094,1491,1403.5670966906446,1472.3146206076767
Ara+6,0.01347588242967414,-0.01347588242967414,1477,1390.6554267683446,1455.805178609826
Ara+6,0.013714444644004856,-0.013714444644004856,1457,1377.8625336544887,1439.4808612254699
Ara+6,0.013957230101629914,-0.013957230101629914,1443,1365.1873246995342,1423.3395926047663
Ara+6,0.014204313566207808,-0.014204313566207808,1428,1352.6287173054232,1407.3793201749143
Ara+6,0.01445577112493069,-0.01445577112493069,1408,1340.185638833116,1391.5980143791378
Ara+6,0.014711680211954759,-0.014711680211954759,1391,1327.857026510968,1375.9936684186025
Ara+6,0.014972119632245416,-0.014972119632245416,1377,1315.6418273439722,1360.5642979972233
Ara+6,0.015237169585844574,-0.015237169585844574,1361,1303.5389980238149,1345.3079410693413
Ara+6,0.01550691169256758,-0.01550691169256758,1344,1291.5475048397589,1330.222657590213
Ara+6,0.015781429017137274,-0.015781429017137274,1336,1279.666323590368,1315.306529269319
Ara+6,0.016060806094763087,-0.016060806094763087,1327,1267.8944394960204,1300.5576593264248
Ara+6,0.016345128957172897,-0.016345128957172897,1312,1256.2308471122353,1285.974172250376
Ara+6,0.016634485159105764,-0.016634485159105764,1298,1244.674550243799,1271.5542135606095
Ara+6,0.016928963805273624,-0.016928963805273624,1276,1233.224561859683,1257.2959495713303
Ara+6,0.017228655577800345,-0.017228655577800345,1264,1221.8799040087338,1243.1975671583275
Ara+6,0.01753365276414644,-0.01753365276414644,1247,1210.6396077361494,1229.2572735284261
Ara+6,0.017844049285528227,-0.017844049285528227,1233,1199.5027130007215,1215.4732959914927
Ara+6,0.01815994072584002,-0.01815994072584002,1214,1188.468268592838,1201.8438817350316
Ara+6,0.018481424361088364,-0.018481424361088364,1202,1177.5353320532306,1188.3672976012772
Ara+6,0.018808599189347356,-0.018808599189347356,1185,1166.7029695924925,1175.0418298668108
Ara+6,0.01914156596124418,-0.01914156596124418,1169,1155.970256011315,1161.8657840246346
Ara+6,0.019480427210984426,-0.019480427210984426,1161,1145.3362746214643,1148.8374845686892
Ara+6,0.019825287287926586,-0.019825287287926586,1144,1134.8001171674898,1135.9552747808018
Ara+6,0.020176252388715517,-0.020176252388715517,1132,1124.3608837491506,1123.217516519999
Ara+6,0.02053343058998481,-0.02053343058998481,1122,1114.0176827445503,1110.622590014207
Ara+6,0.020896931881637992,-0.020896931881637992,1113,1103.7696307339843,1098.1688936542712
Ara+6,0.02126686820071898,-0.02126686820071898,1103,1093.6158524244906,1085.8548437902916
Ara+6,0.021643353465882118,-0.021643353465882118,1090,1083.5554805750842,1073.6788745302417
Ara+6,0.022026503612472412,-0.022026503612472412,1073,1073.5876559226872,1061.6394375408445
Ara+6,0.02241643662822685,-0.02241643662822685,1062,1063.7115271087437,1049.735001850682
Ara+6,0.022813272589607633,-0.022813272589607633,1051,1053.9262506064956,1037.9640536555091
Ara+6,0.023217133698778706,-0.023217133698778706,1039,1044.2309906489463,1026.3250961257622
Ara+6,0.023628144321236846,-0.023628144321236846,1025,1034.6249191574682,1014.816649216206
Ara+6,0.02404643102410891,-0.02404643102410891,1012,1025.1072156710832,1003.4372494777363
Ara+6,0.024472122615127125,-0.024472122615127125,1000,1015.6770672763815,992.1854498712794
Ara+6,0.02490535018229423,-0.02490535018229423,988,1006.3336685380923,981.059819583779
Ara+6,0.025346247134250932,-0.025346247134250932,977,997.0762214302929,970.058943846259
Ara+6,0.025794949241357907,-0.025794949241357907,961,987.9039352682444,959.1814237539053
Ara+6,0.026251594677505093,-0.026251594677505093,952,978.8160266408611,948.4258760881863
Ara+6,0.02671632406266118,-0.02671632406266118,938,969.8117193438015,937.7909331409548
Ara+6,0.027189280506176233,-0.027189280506176233,926,960.8902443131672,927.2752425405233
Ara+6,0.02767060965085098,-0.02767060965085098,914,952.0508395598184,916.877467079701
Ara+6,0.028160459717786277,-0.028160459717786277,904,943.2927501042948,906.5962845457383
Ara+6,0.028658981552026445,-0.028658981552026445,893,934.6152279123303,896.430387552203
Ara+6,0.029166328669010762,-0.029166328669010762,886,926.0175318309578,886.3784833727175
Ara+6,0.029682657301847097,-0.029682657301847097,878,917.4989275252174,876.4392937765803
Ara+6,0.030208126449422605,-0.030208126449422605,867,909.0586874154266,866.6115548662177
Ara+6,0.030742897925366015,-0.030742897925366015,851,900.696090615044,856.8940169164649
Ara+6,0.03128713640787672,-0.03128713640787672,845,892.4104228690923,847.2854442156467
Ara+6,0.03184100949043604,-0.03184100949043604,839,884.2009764931591,837.7846149084372
Ara+6,0.03240468773341604,-0.03240468773341604,827,876.0670503129478,828.3903208404936
Ara+6,0.03297834471660228,-0.03297834471660228,815,868.0079496043921,819.1013674048127
Ara+6,0.033562157092646046,-0.033562157092646046,803,860.0229860343217,809.9165733898293
Ara+6,0.03415630464146305,-0.03415630464146305,795,852.1114776016659,800.8347708292071
Ara+6,0.03476097032559513,-0.03476097032559513,783,844.272748579207,791.8548048533133
Ara+6,0.03537634034655181,-0.03537634034655181,774,836.5061294558675,782.97553354237
Ara+6,0.036002604202149624,-0.036002604202149624,759,828.810956879521,774.1958277812341
Ara+6,0.036639954744866185,-0.036639954744866185,749,821.1865736003418,765.5145711158233
Ara+6,0.037288588241227424,-0.037288588241227424,743,813.6323284146632,756.9306596111417
Ara+6,0.03794870443224625,-0.03794870443224625,734,806.1475761093595,748.4430017108973
Ara+6,0.038620506594930853,-0.038620506594930853,724,798.7316774067409,740.0505180987042
Ara+6,0.03930420160488233,-0.03930420160488233,717,791.3839989099465,731.7521415608226
Ara+6,0.04,-0.04,711,784.1039130488518,723.5468168504599
