background,x,s,tail_count,short_common_mu_extrapolated_count,full_range_fit_count
REL606,0.01,-0.01,1093,1046.2754864600338,1286.6374804640777
REL606,0.010220954442778263,-0.010220954442778263,1078,1034.301917939534,1267.2297353709714
REL606,0.010446790972134875,-0.010446790972134875,1069,1022.4653748439526,1248.114738293772
REL606,0.01067761745994178,-0.01067761745994178,1058,1010.764289055396,1229.2880733974428
REL606,0.010913544161547873,-0.010913544161547873,1042,999.1971104014945,1210.7453914557589
REL606,0.011154683768442948,-0.011154683768442948,1027,987.7623064500451,1192.4824088465841
REL606,0.011401151462085358,-0.011401151462085358,1014,976.4583623059821,1174.4949065622875
REL606,0.011653064968918922,-0.011653064968918922,1000,965.2837804106877,1156.7787292350959
REL606,0.011910544616605566,-0.011910544616605566,986,954.237080343595,1139.3297841771407
REL606,0.012173713391500337,-0.012173713391500337,965,943.3167986260588,1122.1440404349964
REL606,0.012442696997396458,-0.012442696997396458,951,932.5214885274694,1105.2175278584648
REL606,0.012717623915568315,-0.012717623915568315,937,921.8497198735934,1088.5463361834215
REL606,0.012998625466141105,-0.012998625466141105,924,911.3000788571003,1072.126614128486
REL606,0.013285835870816564,-0.013285835870816564,907,900.871167850257,1055.9545685053185
REL606,0.013579392316984537,-0.013579392316984537,899,890.5616052197742,1040.0264633423474
REL606,0.013879435023251218,-0.013879435023251218,890,880.3700251437627,1024.3386190216968
REL606,0.014186107306415174,-0.014186107306415174,883,870.2950774307863,1008.8874114291524
REL606,0.014499555649923342,-0.014499555649923342,874,860.3354273409911,993.6692711169336
REL606,0.014819929773839462,-0.014819929773839462,863,850.4897554092762,978.6806824791043
REL606,0.015147382706358637,-0.015147382706358637,855,840.7567572704871,963.9181829394112
REL606,0.015482070856901894,-0.015482070856901894,845,831.1351434866142,949.3783621513894
REL606,0.015824154090825927,-0.015824154090825927,837,821.6236393759677,935.0578612105182
REL606,0.016173795805783514,-0.016173795805783514,831,812.2209848443055,920.9533718782671
REL606,0.016531163009771144,-0.016531163009771144,817,802.9259342178915,907.0616358178484
REL606,0.016896426400901214,-0.016896426400901214,807,793.7372560784727,893.3794438414882
REL606,0.017269760448936716,-0.017269760448936716,799,784.653733100137,879.9036351690687
REL606,0.017651343478627613,-0.017651343478627613,791,775.674161888038,866.6310966979366
REL606,0.018041357754888403,-0.018041357754888403,783,766.7973528189734,853.5587622837346
REL606,0.018439989569857877,-0.018439989569857877,774,758.0221298837789,840.6836120320755
REL606,0.018847429331882368,-0.018847429331882368,766,749.3473305315281,828.0026716009096
REL606,0.019263871656465252,-0.019263871656465252,757,740.7718055155204,815.5130115134028
REL606,0.019689515459225874,-0.019689515459225874,748,732.2944187410255,803.211746481192
REL606,0.020124564050912598,-0.020124564050912598,734,723.914047114771,791.0960347378398
REL606,0.02056922523451509,-0.02056922523451509,722,715.6295803961546,779.1630773823442
REL606,0.02102371140452239,-0.02102371140452239,715,707.4399210501624,767.4101177325574
REL606,0.021488239648374114,-0.021488239648374114,709,699.3439841019584,755.8344406883505
REL606,0.021963031850153338,-0.021963031850153338,694,691.340696993153,744.4333721043854
REL606,0.022448314796570536,-0.022448314796570536,686,683.4289994397056,733.2042781723533
REL606,0.02294432028528926,-0.02294432028528926,674,675.6078432914571,722.1445648125252
REL606,0.02345128523564548,-0.02345128523564548,663,667.8761923932718,711.2516770744816
REL606,0.023969451801813094,-0.023969451801813094,653,660.2330224477654,700.5230985468864
REL606,0.024499067488470107,-0.024499067488470107,640,652.6773208796033,689.9563507761562
REL606,0.025040385269020304,-0.025040385269020304,631,645.2080867013574,679.5489926939057
REL606,0.025593663706427242,-0.025593663706427242,626,637.8243303808894,669.298620053025
REL606,0.026159167076718042,-0.026159167076718042,622,630.5250737102613,659.2028648722631
REL606,0.026737165495216025,-0.026737165495216025,609,623.309349676138,649.2593948891939
REL606,0.02732793504556259,-0.02732793504556259,601,616.1762023316785,639.4659130214267
REL606,0.02793175791158987,-0.02793175791158987,588,609.1246866698887,629.8201568359511
REL606,0.028548922512107153,-0.028548922512107153,582,602.153868498427,620.3198980264812
REL606,0.029179723638665393,-0.029179723638665393,573,595.2628243158431,610.9629418986862
REL606,0.029824462596365908,-0.029824462596365908,555,588.4506411892299,601.7471268631815
REL606,0.030483447347780024,-0.030483447347780024,551,581.7164166332759,592.6703239361767
REL606,0.03115699266004896,-0.03115699266004896,547,575.059258490706,583.7304362476461
REL606,0.031845420255233715,-0.031845420255233715,543,568.478284814086,574.9253985569234
REL606,0.03254905896398719,-0.03254905896398719,535,561.9726237489797,566.2531767756018
REL606,0.033268244882621666,-0.033268244882621666,532,555.5414134184477,557.7117674976297
REL606,0.03400332153364673,-0.03400332153364673,531,549.183801808864,549.2991975364963
REL606,0.03475464002985443,-0.03475464002985443,523,542.8989466570381,541.0135234693988
REL606,0.03552255924202998,-0.03552255924202998,514,536.6860153386348,532.8528311882831
REL606,0.03630744597036806,-0.03630744597036806,511,530.5441847578634,524.8152354576561
REL606,0.037109675119676507,-0.037109675119676507,508,524.4726412384371,516.898879479073
REL606,0.037929629878451554,-0.037929629878451554,504,518.4705804157721,509.10193446218733
REL606,0.03876770190190947,-0.03876770190190947,502,512.5372071304283,501.42259920227696
REL606,0.03962429149906251,-0.03962429149906251,496,506.6717353227633,493.85909966413885
REL606,0.04049980782392839,-0.04049980782392839,492,500.87338792879575,486.4096885722628
REL606,0.041394669070964674,-0.041394669070964674,487,495.141396777257,479.0726450071843
REL606,0.04230930267482125,-0.04230930267482125,477,489.47500248782626,471.84627400792925
REL606,0.04324414551450647,-0.04324414551450647,474,483.87345437052346,464.7289061804543
REL606,0.04419964412206445,-0.04419964412206445,467,478.33601032626007,457.71889731199224
REL606,0.04517625489586328,-0.04517625489586328,459,472.8619367485238,450.81462799121607
REL606,0.04617444431859572,-0.04617444431859572,454,467.4505084261883,444.01450323413115
REL606,0.047194689180096845,-0.047194689180096845,445,462.101008447439,437.3169521156121
REL606,0.048237476805085,-0.048237476805085,438,456.8127281047944,430.72042740649727
REL606,0.04930330528593471,-0.04930330528593471,436,451.5849668012148,424.22340521615627
REL606,0.05039268372059277,-0.05039268372059277,430,446.4170319572888,417.8243846404494
REL606,0.051506132455751245,-0.051506132455751245,426,441.30823891947836,411.5218874149986
REL606,0.052644183335393634,-0.052644183335393634,424,436.25791086941393,405.3144575736858
REL606,0.053807379954832514,-0.053807379954832514,424,431.26537873423143,399.20066111230494
REL606,0.05499627792036037,-0.05499627792036037,416,426.32998109793124,393.17908565728777
REL606,0.056211445114637534,-0.056211445114637534,411,421.45106411375235,387.2483401394245
REL606,0.0574534619679441,-0.0574534619679441,409,416.6279814175524,381.407054472506
REL606,0.058722921735425045,-0.058722921735425045,404,411.86009404217367,375.65387923681686
REL606,0.06002043078046128,-0.06002043078046128,400,407.1467703327949,369.9874853673992
REL606,0.061346608864302085,-0.061346608864302085,392,402.4873858632476,364.4065638470185
REL606,0.0627020894420969,-0.0627020894420969,389,397.8813233532904,358.909825403765
REL606,0.06408751996546806,-0.06408751996546806,382,393.3279725868332,353.49600021321055
REL606,0.06550356219176914,-0.06550356219176914,381,388.8267303310942,348.1638376050638
REL606,0.0669508925001765,-0.0669508925001765,378,384.37700025668187,342.91210577424545
REL606,0.06843020221476491,-0.06843020221476491,375,379.97819285859475,337.7395914963256
REL606,0.06994219793472167,-0.06994219793472167,372,375.6297253781205,332.6450998472507
REL606,0.071487601871857,-0.071487601871857,369,371.3310217256353,327.62745392729994
REL606,0.07306715219557204,-0.07306715219557204,369,367.08151240427844,322.68549458920336
REL606,0.0746816033854488,-0.0746816033854488,368,362.88063443450716,317.81808017036354
REL606,0.07633172659163069,-0.07633172659163069,365,358.7278312795129,313.0240862291157
REL606,0.07801831000316634,-0.07801831000316634,360,354.62255277149,308.30240528496506
REL606,0.07974215922449152,-0.07974215922449152,356,350.56425503874794,303.6519465627426
REL606,0.08150409766022985,-0.08150409766022985,355,346.5524004336605,299.071635740622
REL606,0.08330496690849597,-0.08330496690849597,352,342.5864574614368,294.5604147019353
REL606,0.08514562716288879,-0.08514562716288879,350,338.6659007097071,290.11724129073235
REL606,0.08702695762336701,-0.08702695762336701,345,334.7902107789178,285.74108907102925
REL606,0.08894985691620291,-0.08894985691620291,340,330.9588742135198,281.43094708968636
REL606,0.09091524352321548,-0.09091524352321548,335,327.17138343394413,277.1858196428642
REL606,0.09292405622048769,-0.09292405622048769,330,323.4272366693597,273.00472604600105
REL606,0.09497725452677712,-0.09497725452677712,328,319.7259378911966,268.88670040726146
REL606,0.09707581916183444,-0.09707581916183444,324,316.06699674743135,264.8307914044018
REL606,0.09922075251484909,-0.09922075251484909,322,312.4499284976262,260.8360620650013
REL606,0.10141307912324497,-0.10141307912324497,315,308.87425394870826,256.9015895500069
REL606,0.10365384616205542,-0.10365384616205542,311,305.3394993914873,253.0264649405466
REL606,0.10594412394411153,-0.10594412394411153,307,301.8451965378966,249.20979302795394
REL606,0.10828500643128176,-0.10828500643128176,304,298.3908824589548,245.45069210696406
REL606,0.11067761175700826,-0.11067761175700826,300,294.97609952343663,241.74829377202624
REL606,0.11312308276038811,-0.11312308276038811,293,291.6003953372439,238.10174271669047
REL606,0.11562258753205626,-0.11562258753205626,289,288.263322683474,234.51019653601847
REL606,0.1181773199721289,-0.1181773199721289,287,284.96443946317083,230.972825531978
REL606,0.12078850036047596,-0.12078850036047596,284,281.7033086367546,227.48881252176895
REL606,0.12345737593959305,-0.12345737593959305,280,278.4794981661241,224.05735264904436
REL606,0.12618522151035305,-0.12618522151035305,279,275.2925809574183,220.67765319797525
REL606,0.1289733400409202,-0.1289733400409202,275,272.1421348044346,217.3489334101247
REL606,0.1318230632891195,-0.1318230632891195,274,269.0277423326955,214.07042430407796
REL606,0.13473575243855665,-0.13473575243855665,271,265.9489909441539,210.84136849780035
REL606,0.13771279874879377,-0.13771279874879377,265,262.90547276253056,207.6610200336696
REL606,0.14075562421989132,-0.14075562421989132,264,259.8967845792802,204.52864420614864
REL606,0.14386568227163257,-0.14386568227163257,262,256.9225278001728,201.4435173920595
REL606,0.14704445843775696,-0.14704445843775696,261,253.98230839248708,198.40492688341547
REL606,0.15029347107553154,-0.15029347107553154,257,251.07573683280987,195.41217072277487
REL606,0.15361427209100212,-0.15361427209100212,252,248.20242805543015,192.46455754108013
REL606,0.15700844768026767,-0.15700844768026767,247,245.3620014013267,189.5614063979411
REL606,0.16047761908713512,-0.16047761908713512,244,242.55408056773635,186.70204662432778
REL606,0.16402344337751312,-0.16402344337751312,242,239.77829355830247,183.88581766763733
REL606,0.16764761423091815,-0.16764761423091815,240,237.03427263379183,181.11206893909576
REL606,0.171351862749468,-0.171351862749468,237,234.3216542633755,178.380159663464
REL606,0.1751379582847506,-0.1751379582847506,234,231.64007907646914,175.6894587310091
REL606,0.17900770928296364,-0.17900770928296364,231,228.98919181512252,173.0393445517085
REL606,0.18296296414872668,-0.18296296414872668,230,226.36864128695416,170.42920491165506
REL606,0.1870056121279809,-0.1870056121279809,228,223.7780803186259,167.85843683162577
REL606,0.19113758421039548,-0.19113758421039548,220,221.2171657098487,165.32644642778595
REL606,0.19536085405171466,-0.19536085405171466,217,218.68555818791424,162.83264877449324
REL606,0.19967743891648287,-0.19967743891648287,215,216.1829223627491,160.37646776917165
REL606,0.20408940064160117,-0.20408940064160117,209,213.70892668248123,157.95733599922323
REL606,0.20859884662117262,-0.20859884662117262,205,211.26324338951505,155.57469461094863
REL606,0.21320793081310957,-0.21320793081310957,200,208.8455484771109,153.2279931804429
REL606,0.21791885476798137,-0.21791885476798137,195,206.45552164645974,150.91668958644078
REL606,0.222733868680595,-0.222733868680595,191,204.0928462642491,148.64024988507856
REL606,0.22765527246481185,-0.22765527246481185,188,201.75720932071607,146.39814818654503
REL606,0.23268541685211144,-0.23268541685211144,183,199.4483013881792,144.18986653359454
REL606,0.23782670451443017,-0.23782670451443017,178,197.16581658004444,142.01489478189035
REL606,0.2430815912118078,-0.2430815912118078,175,194.90945251028214,139.87273048215528
REL606,0.24845258696539377,-0.24845258696539377,173,192.67891025336547,137.76287876409756
REL606,0.2539422572563694,-0.2539422572563694,165,190.47389430466941,135.68485222208983
REL606,0.25955322425136307,-0.25955322425136307,162,188.29411254132145,133.63817080257118
REL606,0.26528816805493916,-0.26528816805493916,157,186.13927618350115,131.62236169314747
REL606,0.27114982798976367,-0.27114982798976367,153,184.00909975618166,129.63695921336594
REL606,0.2771410039050538,-0.2771410039050538,151,181.90330105131017,127.6815047071354
REL606,0.28326455751393875,-0.28326455751393875,150,179.821601090421,125.7555464367711
REL606,0.2895234137603712,-0.2895234137603712,144,177.7637240876758,123.85863947863643
REL606,0.2959205622162395,-0.2959205622162395,137,175.72939741332675,121.9903456203591
REL606,0.3024590585093516,-0.3024590585093516,133,173.7183515575992,120.15023325959835
REL606,0.30914202578296873,-0.30914202578296873,128,171.73032009498624,118.33787730433853
REL606,0.3159726561875908,-0.3159726561875908,121,169.765039648952,116.55285907468642
REL606,0.3229542124057005,-0.3229542124057005,118,167.82224985704008,114.79476620615102
REL606,0.33009002921019986,-0.33009002921019986,115,165.9016933363799,113.06319255438062
REL606,0.33738351505728004,-0.33738351505728004,111,164.0031156495881,111.35773810133851
REL606,0.34483815371448534,-0.34483815371448534,105,162.1262652710613,109.67800886289277
REL606,0.3524575059247524,-0.3524575059247524,100,160.27089355365266,108.02361679780009
REL606,0.36024521110721436,-0.36024521110721436,98,158.43675469573165,106.39417971806344
REL606,0.36820498909558774,-0.36820498909558774,94,156.62360570861964,104.78932120064044
REL606,0.3763406419149669,-0.3763406419149669,90,154.83120638439868,103.20867050048498
REL606,0.38465605559788063,-0.38465605559788063,83,153.05931926408795,101.65186246489951
REL606,0.393155202040472,-0.393155202040472,79,151.30770960618582,100.1185374491797
REL606,0.40184214089969494,-0.40184214089969494,77,149.57614535557016,98.60834123353116
REL606,0.41072102153242657,-0.41072102153242657,71,147.8643971127562,97.12092494124023
REL606,0.41979608497742815,-0.41979608497742815,66,146.172238103505,95.6559449580778
REL606,0.42907166598109675,-0.42907166598109675,62,144.49944414878004,94.21306285292019
REL606,0.4385521950679761,-0.4385521950679761,54,142.8457936350483,92.79194529956649
REL606,0.4482422006570192,-0.4482422006570192,47,141.21106748491988,91.39226399973523
REL606,0.45814631122460653,-0.45814631122460653,38,139.59504912812514,90.01369560722348
REL606,0.4682692575153617,-0.4682692575153617,27,137.997524472823,88.65592165320852
REL606,0.47861587480181145,-0.47861587480181145,23,136.4182818772373,87.31862847267769
REL606,0.4891911051939782,-0.4891911051939782,17,134.8571121216191,86.00150713196706
REL606,0.5,-0.5,11,133.31380838052874,84.70425335739316
REL607,0.01,-0.01,1141,1124.4362935244988,1367.2742727563393
REL607,0.010220954442778263,-0.010220954442778263,1134,1111.5682533365318,1347.123232842929
REL607,0.010446790972134875,-0.010446790972134875,1125,1098.8474749002812,1327.2691811912591
REL607,0.01067761745994178,-0.01067761745994178,1113,1086.272272953408,1307.7077407553852
REL607,0.010913544161547873,-0.010913544161547873,1099,1073.8409815197024,1288.4345989987457
REL607,0.011154683768442948,-0.011154683768442948,1093,1061.5519536883712,1269.4455069434234
REL607,0.011401151462085358,-0.011401151462085358,1083,1049.4035613958547,1250.7362782334085
REL607,0.011653064968918922,-0.011653064968918922,1069,1037.3941952101452,1232.3027882116703
REL607,0.011910544616605566,-0.011910544616605566,1061,1025.5222641175562,1214.1409730108317
REL607,0.012173713391500337,-0.012173713391500337,1046,1013.7861953119541,1196.2468286572432
REL607,0.012442696997396458,-0.012442696997396458,1033,1002.1844339863827,1178.6164101882637
REL607,0.012717623915568315,-0.012717623915568315,1019,990.7154431270878,1161.2458307825475
REL607,0.012998625466141105,-0.012998625466141105,1004,979.3777033098849,1144.1312609031575
REL607,0.013285835870816564,-0.013285835870816564,990,968.1697124988733,1127.2689274532897
REL607,0.013579392316984537,-0.013579392316984537,976,957.0899858474348,1110.6551129444676
REL607,0.013879435023251218,-0.013879435023251218,966,946.1370555015253,1094.286154676964
REL607,0.014186107306415174,-0.014186107306415174,956,935.3094704052122,1078.1584439323337
REL607,0.014499555649923342,-0.014499555649923342,949,924.605796108436,1062.26842517782
REL607,0.014819929773839462,-0.014819929773839462,932,914.0246145769707,1046.612595282505
REL607,0.015147382706358637,-0.015147382706358637,919,903.5645240045625,1031.1875027449987
REL607,0.015482070856901894,-0.015482070856901894,911,893.2241386272216,1015.9897469325272
REL607,0.015824154090825927,-0.015824154090825927,899,883.0020885396257,1001.0159773312156
REL607,0.016173795805783514,-0.016173795805783514,892,872.8970195136408,986.2628928074348
REL607,0.016531163009771144,-0.016531163009771144,880,862.9075928189096,971.7272408800326
REL607,0.016896426400901214,-0.016896426400901214,870,853.0324850454929,957.4058170032796
REL607,0.017269760448936716,-0.017269760448936716,855,843.2703879285438,943.2954638604002
REL607,0.017651343478627613,-0.017651343478627613,849,833.6200081749924,929.3930706675025
REL607,0.018041357754888403,-0.018041357754888403,840,824.0800672922006,915.6955724877752
REL607,0.018439989569857877,-0.018439989569857877,827,814.6493014185899,902.1999495557808
REL607,0.018847429331882368,-0.018847429331882368,815,805.3264611562079,888.9032266117258
REL607,0.019263871656465252,-0.019263871656465252,801,796.1103114051989,875.8024722455194
REL607,0.019689515459225874,-0.019689515459225874,789,786.9996312001805,862.8947982505235
REL607,0.020124564050912598,-0.020124564050912598,785,777.9932135484904,850.1773589868066
REL607,0.02056922523451509,-0.02056922523451509,767,769.0898652702809,837.647350753795
REL607,0.02102371140452239,-0.02102371140452239,760,760.2884068404423,825.3020111721651
REL607,0.021488239648374114,-0.021488239648374114,753,751.587672232346,813.1386185748454
REL607,0.021963031850153338,-0.021963031850153338,747,742.9865087633586,801.1544914069987
REL607,0.022448314796570536,-0.022448314796570536,739,734.483776942139,789.3469876348354
REL607,0.02294432028528926,-0.02294432028528926,730,726.0783503176772,777.7135041631586
REL607,0.02345128523564548,-0.02345128523564548,723,717.7691153300597,766.2514762614717
REL607,0.023969451801813094,-0.023969451801813094,708,709.5549711629421,754.958376998566
REL607,0.024499067488470107,-0.024499067488470107,693,701.4348295977159,743.8317166854201
REL607,0.025040385269020304,-0.025040385269020304,680,693.4076148693374,732.8690423263308
REL607,0.025593663706427242,-0.025593663706427242,666,685.472263523808,722.0679370781124
REL607,0.026159167076718042,-0.026159167076718042,656,677.6277242772903,711.426019717287
REL607,0.026737165495216025,-0.026737165495216025,652,669.8729578768309,700.9409441151095
REL607,0.02732793504556259,-0.02732793504556259,640,662.2069369626774,690.6103987203413
REL607,0.02793175791158987,-0.02793175791158987,632,654.628645932176,680.4321060496427
REL607,0.028548922512107153,-0.028548922512107153,628,647.1370808052219,670.4038221854757
REL607,0.029179723638665393,-0.029179723638665393,620,639.7312490912495,660.5233362814082
REL607,0.029824462596365908,-0.029824462596365908,613,632.4101696577477,650.7884700747073
REL607,0.030483447347780024,-0.030483447347780024,604,625.1728726002792,641.1970774061205
REL607,0.03115699266004896,-0.03115699266004896,596,618.0183991139852,631.7470437467239
REL607,0.031845420255233715,-0.031845420255233715,589,610.9458013665624,622.4362857317606
REL607,0.03254905896398719,-0.03254905896398719,581,603.9541423726915,613.2627507013299
REL607,0.033268244882621666,-0.033268244882621666,576,597.0424958699085,604.2244162478645
REL607,0.03400332153364673,-0.03400332153364673,565,590.209946195887,595.3192897702605
REL607,0.03475464002985443,-0.03475464002985443,563,583.4555881671351,586.5454080345935
REL607,0.03552255924202998,-0.03552255924202998,557,576.7785269590739,577.9008367412962
REL607,0.03630744597036806,-0.03630744597036806,552,570.1778779874879,569.3836700987238
REL607,0.037109675119676507,-0.037109675119676507,545,563.6527667913386,560.992030403
REL607,0.037929629878451554,-0.037929629878451554,544,557.2023289169125,552.7240676240568
REL607,0.03876770190190947,-0.03876770190190947,541,550.8257098032961,544.5779589977731
REL607,0.03962429149906251,-0.03962429149906251,536,544.5220646691662,536.5519086241297
REL607,0.04049980782392839,-0.04049980782392839,529,538.29055840087,528.6441470712814
REL607,0.041394669070964674,-0.041394669070964674,521,532.1303654417878,520.852930985463
REL607,0.04230930267482125,-0.04230930267482125,509,526.0406696829646,513.1765427066529
REL607,0.04324414551450647,-0.04324414551450647,503,520.02066435499,505.6132898898921
REL607,0.04419964412206445,-0.04419964412206445,499,514.069551921115,498.16150513219145
REL607,0.04517625489586328,-0.04517625489586328,493,508.18654397159713,490.8195456049288
REL607,0.04617444431859572,-0.04617444431859572,487,502.3708611192465,483.5857926916759
REL607,0.047194689180096845,-0.047194689180096845,480,496.6217328961759,476.45865163134977
REL607,0.048237476805085,-0.048237476805085,478,490.9383976517265,469.4365511666364
REL607,0.04930330528593471,-0.04930330528593471,474,485.3201024515624,462.51794319758295
REL607,0.05039268372059277,-0.05039268372059277,468,479.76610297792354,455.7013024403086
REL607,0.051506132455751245,-0.051506132455751245,456,474.27566343101665,448.9851260907338
REL607,0.052644183335393634,-0.052644183335393634,452,468.84805643153436,442.3679334932725
REL607,0.053807379954832514,-0.053807379954832514,448,463.4825629242939,435.84826581440524
REL607,0.05499627792036037,-0.05499627792036037,445,458.17847208297286,429.4246857210625
REL607,0.056211445114637534,-0.056211445114637534,440,452.935081215941,423.0957770637492
REL607,0.0574534619679441,-0.0574534619679441,435,447.7516956731656,416.86014456433855
REL607,0.058722921735425045,-0.058722921735425045,430,442.6276287541823,410.71641350846727
REL607,0.06002043078046128,-0.06002043078046128,424,437.5622016171226,404.6632294424659
REL607,0.061346608864302085,-0.061346608864302085,423,432.5547431887792,398.69925787475256
REL607,0.0627020894420969,-0.0627020894420969,421,427.60459007570006,392.82318398162965
REL607,0.06408751996546806,-0.06408751996546806,420,422.711086476304,387.03371231741886
REL607,0.06550356219176914,-0.06550356219176914,417,417.8735840939978,381.3295665288628
REL607,0.0669508925001765,-0.0669508925001765,415,413.0914420512884,375.70948907374026
REL607,0.06843020221476491,-0.06843020221476491,412,408.36402680488095,370.1722409436267
REL607,0.06994219793472167,-0.06994219793472167,406,403.69071206174493,364.71660139074106
REL607,0.071487601871857,-0.071487601871857,403,399.07087869614145,359.34136765881965
REL607,0.07306715219557204,-0.07306715219557204,401,394.50391466760317,354.04535471795214
REL607,0.0746816033854488,-0.0746816033854488,396,389.98921493984767,348.82739500333184
REL607,0.07633172659163069,-0.07633172659163069,392,385.5261814006241,343.6863381578512
REL607,0.07801831000316634,-0.07801831000316634,390,381.1142227824736,338.62105077849355
REL607,0.07974215922449152,-0.07974215922449152,388,376.7527545843962,333.6304161664612
REL607,0.08150409766022985,-0.08150409766022985,384,372.4411989944182,328.7133340809884
REL607,0.08330496690849597,-0.08330496690849597,380,368.1789848130415,323.8687204967778
REL607,0.08514562716288879,-0.08514562716288879,378,363.96554737756946,319.0955073650196
REL607,0.08702695762336701,-0.08702695762336701,374,359.8003284873025,314.39264237792344
REL607,0.08894985691620291,-0.08894985691620291,372,355.68277632958376,309.75908873672984
REL607,0.09091524352321548,-0.09091524352321548,371,351.61234540669835,305.1938249231335
REL607,0.09292405622048769,-0.09292405622048769,368,347.58849646360113,300.6958444740793
REL607,0.09497725452677712,-0.09497725452677712,360,343.6106964164777,296.2641557598765
REL607,0.09707581916183444,-0.09707581916183444,356,339.6784182821215,291.8977817655825
REL607,0.09922075251484909,-0.09922075251484909,352,335.79114110811753,287.59575987560964
REL607,0.10141307912324497,-0.10141307912324497,346,331.9483499038253,283.3571416615053
REL607,0.10365384616205542,-0.10365384616205542,344,328.1495355721544,279.18099267286067
REL607,0.10594412394411153,-0.10594412394411153,339,324.39419484211635,275.0663922313008
REL607,0.10828500643128176,-0.10828500643128176,337,320.6818302021532,271.01243322751077
REL607,0.11067761175700826,-0.11067761175700826,333,317.0119498342239,267.01822192125303
REL607,0.11312308276038811,-0.11312308276038811,328,313.38406754865116,263.08287774433387
REL607,0.11562258753205626,-0.11562258753205626,322,309.7977027197067,259.2055331064696
REL607,0.1181773199721289,-0.1181773199721289,318,306.25238022194065,255.38533320402004
REL607,0.12078850036047596,-0.12078850036047596,312,302.7476303672341,251.6214358315349
REL607,0.12345737593959305,-0.12345737593959305,311,299.28298884257623,247.91301119608156
REL607,0.12618522151035305,-0.12618522151035305,309,295.8579966485495,244.25924173430764
REL607,0.1289733400409202,-0.1289733400409202,305,292.4722000385239,240.65932193220016
REL607,0.1318230632891195,-0.1318230632891195,302,289.1251504585409,237.112458147501
REL607,0.13473575243855665,-0.13473575243855665,298,285.81640448788994,233.61786843473976
REL607,0.13771279874879377,-0.13771279874879377,296,282.54552378036453,230.17478237284507
REL607,0.14075562421989132,-0.14075562421989132,294,279.3120750061884,226.78244089529656
REL607,0.14386568227163257,-0.14386568227163257,290,276.1156297946073,223.4400961227813
REL607,0.14704445843775696,-0.14704445843775696,287,272.95576467713926,220.14701119831327
REL607,0.15029347107553154,-0.15029347107553154,284,269.83206103147234,216.9024601247879
REL607,0.15361427209100212,-0.15361427209100212,282,266.74410502600426,213.70572760492504
REL607,0.15700844768026767,-0.15700844768026767,281,263.6914875650192,210.55610888357677
REL607,0.16047761908713512,-0.16047761908713512,277,260.67380423448947,207.45290959235308
REL607,0.16402344337751312,-0.16402344337751312,275,257.69065524849776,204.3954455965438
REL607,0.16764761423091815,-0.16764761423091815,274,254.7416453962744,201.3830428442911
REL607,0.171351862749468,-0.171351862749468,272,251.826383989838,198.41503721798853
REL607,0.1751379582847506,-0.1751379582847506,268,248.94448481223796,195.49077438786853
REL607,0.17900770928296364,-0.17900770928296364,265,246.0955660663872,192.60960966774826
REL607,0.18296296414872668,-0.18296296414872668,262,243.27925032448184,189.77090787290135
REL607,0.1870056121279809,-0.1870056121279809,257,240.49516447799812,186.97404318002427
REL607,0.19113758421039548,-0.19113758421039548,252,237.74293968826422,184.21839898926737
REL607,0.19536085405171466,-0.19536085405171466,245,235.02221133759434,181.50336778829688
REL607,0.19967743891648287,-0.19967743891648287,243,232.3326189809853,178.82835101836446
REL607,0.20408940064160117,-0.20408940064160117,241,229.6738062983637,176.19275894234576
REL607,0.20859884662117262,-0.20859884662117262,240,227.0454210473797,173.59601051472882
REL607,0.21320793081310957,-0.21320793081310957,237,224.4471150167429,171.03753325351371
REL607,0.21791885476798137,-0.21791885476798137,234,221.8785439800895,168.51676311400476
REL607,0.222733868680595,-0.222733868680595,226,219.33936765038004,166.033144364459
REL607,0.22765527246481185,-0.22765527246481185,222,216.82924963481736,163.58612946356962
REL607,0.23268541685211144,-0.23268541685211144,218,214.3478573902802,161.17517893975446
REL607,0.23782670451443017,-0.23782670451443017,212,211.89486217926884,158.7997612722233
REL607,0.2430815912118078,-0.2430815912118078,208,209.46993902635288,156.4593527737983
REL607,0.24845258696539377,-0.24845258696539377,204,207.07276667511766,154.15343747546137
REL607,0.2539422572563694,-0.2539422572563694,199,204.70302754560504,151.88150701260304
REL607,0.25955322425136307,-0.25955322425136307,195,202.3604076922394,149.64306051294767
REL607,0.26528816805493916,-0.26528816805493916,190,200.0445967622353,147.43760448613142
REL607,0.27114982798976367,-0.27114982798976367,186,197.7552879544829,145.26465271490528
REL607,0.2771410039050538,-0.2771410039050538,179,195.4921779789011,143.12372614794458
REL607,0.28326455751393875,-0.28326455751393875,178,193.2549670162588,141.01435279423595
REL607,0.2895234137603712,-0.2895234137603712,167,191.04335867845353,138.93606761902228
REL607,0.2959205622162395,-0.2959205622162395,165,188.85705996924614,136.88841244128
REL607,0.3024590585093516,-0.3024590585093516,162,186.69578124544373,134.8709358327083
REL607,0.30914202578296873,-0.30914202578296873,156,184.55923617852844,132.8831930182069
REL607,0.3159726561875908,-0.3159726561875908,148,182.4471417167231,130.92474577782014
REL607,0.3229542124057005,-0.3229542124057005,137,180.35921804749344,128.99516235012678
REL607,0.33009002921019986,-0.33009002921019986,127,178.2951885604775,127.09401733705329
REL607,0.33738351505728004,-0.33738351505728004,121,176.2547798108398,125.2208916100901
REL607,0.34483815371448534,-0.34483815371448534,120,174.23772148304602,123.37537221789016
REL607,0.3524575059247524,-0.3524575059247524,112,172.24374635505006,121.55705229522914
REL607,0.36024521110721436,-0.36024521110721436,105,170.27259026289332,119.76553097330756
REL607,0.36820498909558774,-0.36820498909558774,99,168.32399206570747,118.00041329137474
REL607,0.3763406419149669,-0.3763406419149669,92,166.39769361111786,116.2613101096554
REL607,0.38465605559788063,-0.38465605559788063,85,164.4934397010439,114.54783802355931
REL607,0.393155202040472,-0.393155202040472,79,162.61097805789007,112.85961927915594
REL607,0.40184214089969494,-0.40184214089969494,75,160.750059291123,111.19628168989378
REL607,0.41072102153242657,-0.41072102153242657,72,158.91043686423328,109.55745855454812
REL607,0.41979608497742815,-0.41979608497742815,67,157.0918670620733,107.94278857637758
REL607,0.42907166598109675,-0.42907166598109675,61,155.29410895856927,106.35191578347222
REL607,0.4385521950679761,-0.4385521950679761,57,153.51692438480413,104.78448945027561
REL607,0.4482422006570192,-0.4482422006570192,50,151.76007789746342,103.24016402026348
REL607,0.45814631122460653,-0.45814631122460653,41,150.02333674764463,101.71859902976196
REL607,0.4682692575153617,-0.4682692575153617,31,148.3064708500218,100.21945903288855
REL607,0.47861587480181145,-0.47861587480181145,26,146.60925275236335,98.7424135275994
REL607,0.4891911051939782,-0.4891911051939782,19,144.93145760539954,97.28713688282643
REL607,0.5,-0.5,12,143.272863133034,95.8533082666883
Ara-1,0.01,-0.01,993,1011.0212507944515,1251.22933341313
Ara-1,0.010220954442778263,-0.010220954442778263,982,999.4511314724107,1233.1747126886992
Ara-1,0.010446790972134875,-0.010446790972134875,971,988.0134205058027,1215.3806112158543
Ara-1,0.01067761745994178,-0.01067761745994178,961,976.7066026144399,1197.8432698305849
Ara-1,0.010913544161547873,-0.010913544161547873,953,965.5291798589892,1180.558983611759
Ara-1,0.011154683768442948,-0.011154683768442948,946,954.4796714425219,1163.524101098425
Ara-1,0.011401151462085358,-0.011401151462085358,938,943.5566135143367,1146.7350235184076
Ara-1,0.011653064968918922,-0.011653064968918922,930,932.7585589760339,1130.1882040280352
Ara-1,0.011910544616605566,-0.011910544616605566,916,922.0840772897905,1113.8801469628368
Ara-1,0.012173713391500337,-0.012173713391500337,905,911.5317542888511,1097.807407099051
Ara-1,0.012442696997396458,-0.012442696997396458,895,901.1001919901709,1081.966588925793
Ara-1,0.012717623915568315,-0.012717623915568315,887,890.7880084092149,1066.3543459277212
Ara-1,0.012998625466141105,-0.012998625466141105,874,880.5938373768646,1050.9673798780555
Ara-1,0.013285835870816564,-0.013285835870816564,862,870.516328358436,1035.8024401417986
Ara-1,0.013579392316984537,-0.013579392316984537,854,860.5541462747483,1020.8563229890085
Ara-1,0.013879435023251218,-0.013879435023251218,845,850.7059713252578,1006.1258709179828
Ara-1,0.014186107306415174,-0.014186107306415174,834,840.9704988132089,991.6079719882076
Ara-1,0.014499555649923342,-0.014499555649923342,826,831.346438972786,977.2995591629323
Ara-1,0.014819929773839462,-0.014819929773839462,818,821.8325167982417,963.1976096612303
Ara-1,0.015147382706358637,-0.015147382706358637,809,812.4274718749839,949.2991443194096
Ara-1,0.015482070856901894,-0.015482070856901894,799,803.1300582125992,935.6012269616373
Ara-1,0.015824154090825927,-0.015824154090825927,792,793.9390440797745,922.1009637796462
Ara-1,0.016173795805783514,-0.016173795805783514,783,784.8532118411223,908.7955027213914
Ara-1,0.016531163009771144,-0.016531163009771144,771,775.8713577958655,895.6820328885317
Ara-1,0.016896426400901214,-0.016896426400901214,760,766.9922920183677,882.7577839425951
Ara-1,0.017269760448936716,-0.017269760448936716,747,758.2148382004918,870.0200255197271
Ara-1,0.017651343478627613,-0.017651343478627613,740,749.5378334957657,857.4660666538724
Ara-1,0.018041357754888403,-0.018041357754888403,732,740.9601283653193,845.0932552082886
Ara-1,0.018439989569857877,-0.018439989569857877,725,732.4805864255962,832.89897731525
Ara-1,0.018847429331882368,-0.018847429331882368,720,724.0980842978091,820.880656823856
Ara-1,0.019263871656465252,-0.019263871656465252,712,715.8115114591042,809.0357547557843
Ara-1,0.019689515459225874,-0.019689515459225874,699,707.6197700954435,797.36176876892
Ara-1,0.020124564050912598,-0.020124564050912598,690,699.5217749561657,785.8562326287032
Ara-1,0.02056922523451509,-0.02056922523451509,680,691.5164532102096,774.5167156871215
Ara-1,0.02102371140452239,-0.02102371140452239,671,683.6027443039817,763.3408223692124
Ara-1,0.021488239648374114,-0.021488239648374114,664,675.7795998208597,752.3261916669766
Ara-1,0.021963031850153338,-0.021963031850153338,661,668.0459833422899,741.4704966405893
Ara-1,0.022448314796570536,-0.022448314796570536,655,660.4008703104844,730.7714439268203
Ara-1,0.02294432028528926,-0.02294432028528926,651,652.8432478926882,720.2267732545359
Ara-1,0.02345128523564548,-0.02345128523564548,643,645.3721148469964,709.8342569671977
Ara-1,0.023969451801813094,-0.023969451801813094,637,637.9864813897069,699.5916995522499
Ara-1,0.024499067488470107,-0.024499067488470107,629,630.6853690641965,689.4969371772974
Ara-1,0.025040385269020304,-0.025040385269020304,624,623.4678106112914,679.5478372329768
Ara-1,0.025593663706427242,-0.025593663706427242,616,616.3328498411233,669.7422978824238
Ara-1,0.026159167076718042,-0.026159167076718042,612,609.2795415064545,660.0782476172402
Ara-1,0.026737165495216025,-0.026737165495216025,607,602.3069511774495,650.5536448198718
Ara-1,0.02732793504556259,-0.02732793504556259,598,595.4141551178787,641.1664773322943
Ara-1,0.02793175791158987,-0.02793175791158987,590,588.6002401627449,631.9147620309308
Ara-1,0.028548922512107153,-0.028548922512107153,584,581.8643035973033,622.7965444076942
Ara-1,0.029179723638665393,-0.029179723638665393,578,575.205453037469,613.8098981570874
Ara-1,0.029824462596365908,-0.029824462596365908,573,568.6228063115936,604.9529247692446
Ara-1,0.030483447347780024,-0.030483447347780024,568,562.1154913435951,596.2237531288633
Ara-1,0.03115699266004896,-0.03115699266004896,564,555.6826460374228,587.6205391199054
Ara-1,0.031845420255233715,-0.031845420255233715,557,549.3234181628472,579.1414652360193
Ara-1,0.03254905896398719,-0.03254905896398719,553,543.0369652425534,570.7847401965696
Ara-1,0.033268244882621666,-0.033268244882621666,551,536.822454440532,562.5485985682153
Ara-1,0.03400332153364673,-0.03400332153364673,547,530.679062451741,554.4313003919459
Ara-1,0.03475464002985443,-0.03475464002985443,539,524.6059753930356,546.4311308154992
Ara-1,0.03552255924202998,-0.03552255924202998,535,518.6023886953441,538.546399731083
Ara-1,0.03630744597036806,-0.03630744597036806,526,512.6675069970752,530.775441418326
Ara-1,0.037109675119676507,-0.037109675119676507,522,506.8005440387508,523.1166141923771
Ara-1,0.037929629878451554,-0.037929629878451554,516,501.0007225588404,515.5683000570872
Ara-1,0.03876770190190947,-0.03876770190190947,513,495.26727419078685,508.128904363191
Ara-1,0.03962429149906251,-0.03962429149906251,508,489.5994393612154,500.79685547142407
Ara-1,0.04049980782392839,-0.04049980782392839,501,483.9964671893028,493.5706044204996
Ara-1,0.041394669070964674,-0.041394669070964674,494,478.45761538729914,486.4486245998764
Ara-1,0.04230930267482125,-0.04230930267482125,488,472.98215016219075,479.42941142724857
Ara-1,0.04324414551450647,-0.04324414551450647,482,467.5693461184857,472.5114820306892
Ara-1,0.04419964412206445,-0.04419964412206445,479,462.218486162111,465.69337493538023
Ara-1,0.04517625489586328,-0.04517625489586328,474,456.9288614054144,458.9736497548626
Ara-1,0.04617444431859572,-0.04617444431859572,469,451.6997710732468,452.350886886742
Ara-1,0.047194689180096845,-0.047194689180096845,462,446.53052241012557,445.8236872127847
Ara-1,0.048237476805085,-0.048237476805085,457,441.4204305884565,439.39067180334143
Ara-1,0.04930330528593471,-0.04930330528593471,455,436.36881861780586,433.0504816260361
Ara-1,0.05039268372059277,-0.05039268372059277,447,431.37501725521423,426.8017772586581
Ara-1,0.051506132455751245,-0.051506132455751245,444,426.43836491653366,420.64323860619686
Ara-1,0.052644183335393634,-0.052644183335393634,438,421.55820758877854,414.57356462196043
Ara-1,0.053807379954832514,-0.053807379954832514,437,416.73389874348464,408.59147303271743
Ara-1,0.05499627792036037,-0.05499627792036037,434,411.9647992510527,402.69570006780526
Ara-1,0.056211445114637534,-0.056211445114637534,430,407.25027729607876,396.88500019214723
Ara-1,0.0574534619679441,-0.0574534619679441,426,402.58970829364955,391.15814584312204
Ara-1,0.058722921735425045,-0.058722921735425045,418,397.98247480659546,385.51392717123025
Ara-1,0.06002043078046128,-0.06002043078046128,413,393.42796646369425,379.95115178450243
Ara-1,0.061346608864302085,-0.061346608864302085,413,388.92557987880707,374.46864449659597
Ara-1,0.0627020894420969,-0.0627020894420969,410,384.47471857094035,369.0652470785261
Ara-1,0.06408751996546806,-0.06408751996546806,403,380.0747928852254,363.73981801397986
Ara-1,0.06550356219176914,-0.06550356219176914,400,375.72521991479925,358.4912322581602
Ara-1,0.0669508925001765,-0.0669508925001765,395,371.4254234235795,353.31838100011043
Ara-1,0.06843020221476491,-0.06843020221476491,394,367.17483376992607,348.2201714284677
Ara-1,0.06994219793472167,-0.06994219793472167,392,362.97288783117324,343.19552650059677
Ara-1,0.071487601871857,-0.071487601871857,390,358.8190289290258,338.2433847150562
Ara-1,0.07306715219557204,-0.07306715219557204,383,354.712706755812,333.36269988734387
Ara-1,0.0746816033854488,-0.0746816033854488,381,350.65337730157535,328.55244092888375
Ara-1,0.07633172659163069,-0.07633172659163069,379,346.640502782006,323.81159162919903
Ara-1,0.07801831000316634,-0.07801831000316634,376,342.67355156719384,319.1391504412261
Ara-1,0.07974215922449152,-0.07974215922449152,373,338.751998111196,314.53413026973135
Ara-1,0.08150409766022985,-0.08150409766022985,366,334.8753228824145,309.9955582627769
Ara-1,0.08330496690849597,-0.08330496690849597,360,331.0430122947667,305.5224756061986
Ara-1,0.08514562716288879,-0.08514562716288879,360,327.25455863964436,301.113937321045
Ara-1,0.08702695762336701,-0.08702695762336701,359,323.5094600186538,296.7690120639447
Ara-1,0.08894985691620291,-0.08894985691620291,358,319.807220277121,292.48678193035033
Ara-1,0.09091524352321548,-0.09091524352321548,356,316.1473489383644,288.2663422606242
Ara-1,0.09292405622048769,-0.09292405622048769,353,312.5293611387119,284.10680144891904
Ara-1,0.09497725452677712,-0.09497725452677712,350,308.95277756326783,280.0072807548196
Ara-1,0.09707581916183444,-0.09707581916183444,344,305.417124382413,275.96691411770024
Ara-1,0.09922075251484909,-0.09922075251484909,343,301.92193318903077,271.9848479737624
Ara-1,0.10141307912324497,-0.10141307912324497,341,298.46674093645095,268.0602410757101
Ara-1,0.10365384616205542,-0.10365384616205542,338,295.0510898771069,264.1922643150317
Ara-1,0.10594412394411153,-0.10594412394411153,335,291.6745275018907,260.3801005468395
Ara-1,0.10828500643128176,-0.10828500643128176,334,288.336606480206,256.6229444172444
Ara-1,0.11067761175700826,-0.11067761175700826,330,285.03688460070316,252.9200021932147
Ara-1,0.11312308276038811,-0.11312308276038811,327,281.7749247126974,249.27049159489422
Ara-1,0.11562258753205626,-0.11562258753205626,324,278.55029466825135,245.67364163033838
Ara-1,0.1181773199721289,-0.1181773199721289,320,275.36256726492644,242.12869243263526
Ara-1,0.12078850036047596,-0.12078850036047596,318,272.21132018918456,238.63489509937676
Ara-1,0.12345737593959305,-0.12345737593959305,317,269.09613596044136,235.1915115344464
Ara-1,0.12618522151035305,-0.12618522151035305,314,266.01660187575584,231.79781429208944
Ara-1,0.1289733400409202,-0.1289733400409202,311,262.9723099551579,228.45308642323465
Ara-1,0.1318230632891195,-0.1318230632891195,309,259.9628568875958,225.1566213240303
Ara-1,0.13473575243855665,-0.13473575243855665,307,256.9878439775063,221.90772258656966
Ara-1,0.13771279874879377,-0.13771279874879377,304,254.0468770919957,218.70570385176762
Ara-1,0.14075562421989132,-0.14075562421989132,303,251.13956660862408,215.54988866436116
Ara-1,0.14386568227163257,-0.14386568227163257,303,248.2655273637869,212.43961033000315
Ara-1,0.14704445843775696,-0.14704445843775696,298,245.4243786016897,209.37421177441485
Ara-1,0.15029347107553154,-0.15029347107553154,298,242.6157439239043,206.35304540457614
Ara-1,0.15361427209100212,-0.15361427209100212,292,239.83925123950257,203.37547297191244
Ara-1,0.15700844768026767,-0.15700844768026767,291,237.0945327157627,200.44086543746215
Ara-1,0.16047761908713512,-0.16047761908713512,290,234.38122472943772,197.5486028389834
Ara-1,0.16402344337751312,-0.16402344337751312,289,231.69896781858154,194.69807415998432
Ara-1,0.16764761423091815,-0.16764761423091815,284,229.04740663492873,191.88867720063828
Ara-1,0.171351862749468,-0.171351862749468,282,226.42618989681577,189.11981845056408
Ara-1,0.1751379582847506,-0.1751379582847506,280,223.83497034264437,186.39091296344284
Ara-1,0.17900770928296364,-0.17900770928296364,279,221.27340468487503,183.70138423344125
Ara-1,0.18296296414872668,-0.18296296414872668,277,218.74115356454845,181.05066407342034
Ara-1,0.1870056121279809,-0.1870056121279809,274,216.237881506326,178.43819249490065
Ara-1,0.19113758421039548,-0.19113758421039548,270,213.76325687404696,175.86341758975968
Ara-1,0.19536085405171466,-0.19536085405171466,261,211.31695182679152,173.32579541363623
Ara-1,0.19967743891648287,-0.19967743891648287,253,208.8986422754494,170.82478987101743
Ara-1,0.20408940064160117,-0.20408940064160117,249,206.50800783978346,168.3598726019835
Ara-1,0.20859884662117262,-0.20859884662117262,245,204.14473180598503,165.93052287058725
Ara-1,0.21320793081310957,-0.21320793081310957,241,201.8085010847166,163.5362274548437
Ara-1,0.21791885476798137,-0.21791885476798137,238,199.49900616963168,161.17648053830735
Ara-1,0.222733868680595,-0.222733868680595,234,197.21594109637277,158.85078360321407
Ara-1,0.22765527246481185,-0.22765527246481185,229,194.9590034020359,156.55864532516452
Ara-1,0.23268541685211144,-0.23268541685211144,224,192.72789408509982,154.2995814693276
Ara-1,0.23782670451443017,-0.23782670451443017,217,190.5223175658148,152.07311478814142
Ara-1,0.2430815912118078,-0.2430815912118078,213,188.3419816470435,149.87877492049049
Ara-1,0.24845258696539377,-0.24845258696539377,207,186.18659747554983,147.7160982923377
Ara-1,0.2539422572563694,-0.2539422572563694,203,184.05587950373243,145.58462801879006
Ara-1,0.25955322425136307,-0.25955322425136307,201,181.9495454517944,143.4839138075778
Ara-1,0.26528816805493916,-0.26528816805493916,198,179.86731627034615,141.41351186392598
Ara-1,0.27114982798976367,-0.27114982798976367,193,177.80891610343784,139.37298479679882
Ara-1,0.2771410039050538,-0.2771410039050538,190,175.77407225201227,137.36190152649698
Ara-1,0.28326455751393875,-0.28326455751393875,185,173.76251513777865,135.3798371935881
Ara-1,0.2895234137603712,-0.2895234137603712,181,171.77397826749785,133.42637306915137
Ara-1,0.2959205622162395,-0.2959205622162395,178,169.80819819767748,131.50109646631734
Ara-1,0.3024590585093516,-0.3024590585093516,173,167.86491449966996,129.60360065308402
Ara-1,0.30914202578296873,-0.30914202578296873,170,165.94386972517174,127.73348476639113
Ara-1,0.3159726561875908,-0.3159726561875908,164,164.044809372115,125.89035372743426
Ara-1,0.3229542124057005,-0.3229542124057005,150,162.1674818509521,124.07381815820078
Ara-1,0.33009002921019986,-0.33009002921019986,145,160.31163845132423,122.28349429921028
Ara-1,0.33738351505728004,-0.33738351505728004,139,158.4770333091115,120.51900392844195
Ara-1,0.34483815371448534,-0.34483815371448534,132,156.66342337386175,118.77997428143178
Ara-1,0.3524575059247524,-0.3524575059247524,123,154.87056837658966,117.06603797252268
Ara-1,0.36024521110721436,-0.36024521110721436,118,153.09823079794677,115.37683291725097
Ara-1,0.36820498909558774,-0.36820498909558774,107,151.34617583675416,113.7120022558528
Ara-1,0.3763406419149669,-0.3763406419149669,97,149.61417137889538,112.07119427787424
Ara-1,0.38465605559788063,-0.38465605559788063,91,147.90198796656654,110.45406234786932
Ara-1,0.393155202040472,-0.393155202040472,83,146.20939876787705,108.86026483217054
Ara-1,0.40184214089969494,-0.40184214089969494,72,144.53617954679837,107.28946502671465
Ara-1,0.41072102153242657,-0.41072102153242657,67,142.8821086334576,105.74133108591235
Ara-1,0.41979608497742815,-0.41979608497742815,53,141.24696689477025,104.2155359525415
Ara-1,0.42907166598109675,-0.42907166598109675,39,139.6305377054087,102.71175728865425
Ara-1,0.4385521950679761,-0.4385521950679761,35,138.03260691910444,101.22967740748027
Ara-1,0.4482422006570192,-0.4482422006570192,28,136.45296284027665,99.76898320631165
Ara-1,0.45814631122460653,-0.45814631122460653,23,134.8913961959875,98.32936610035846
Ara-1,0.4682692575153617,-0.4682692575153617,19,133.34770010821697,96.91052195755604
Ara-1,0.47861587480181145,-0.47861587480181145,17,131.8216700664552,95.51215103431572
Ara-1,0.4891911051939782,-0.4891911051939782,9,130.31310390060932,94.13395791220023
Ara-1,0.5,-0.5,4,128.82180175421945,92.77565143551443
Ara-3,0.01,-0.01,891,1005.0369789479735,1018.3430267871289
Ara-3,0.010220954442778263,-0.010220954442778263,888,993.5353435863489,1008.2122622080101
Ara-3,0.010446790972134875,-0.010446790972134875,879,982.1653328502473,998.1822813415087
Ara-3,0.01067761745994178,-0.01067761745994178,873,970.925440428481,988.2520815627328
Ara-3,0.010913544161547873,-0.010913544161547873,866,959.8141772480711,978.4206702211899
Ara-3,0.011154683768442948,-0.011154683768442948,862,948.8300712769848,968.6870645415522
Ara-3,0.011401151462085358,-0.011401151462085358,858,937.9716673291066,959.0502915254206
Ara-3,0.011653064968918922,-0.011653064968918922,852,927.237526871461,949.5093878540584
Ara-3,0.011910544616605566,-0.011910544616605566,845,916.6262278336342,940.0633997920972
Ara-3,0.012173713391500337,-0.012173713391500337,840,906.136364419375,930.7113830921974
Ara-3,0.012442696997396458,-0.012442696997396458,827,895.7665469203513,921.4524029006583
Ara-3,0.012717623915568315,-0.012717623915568315,817,885.5154015320444,912.2855336639711
Ara-3,0.012998625466141105,-0.012998625466141105,811,875.3815701717443,903.2098590362916
Ara-3,0.013285835870816564,-0.013285835870816564,804,865.3637102986264,894.2244717878468
Ara-3,0.013579392316984537,-0.013579392316984537,799,855.4604947358949,885.3284737142396
Ara-3,0.013879435023251218,-0.013879435023251218,793,845.6706114949554,876.5209755466656
Ara-3,0.014186107306415174,-0.014186107306415174,788,835.9927636015981,867.8010968630174
Ara-3,0.014499555649923342,-0.014499555649923342,782,826.4256689241784,859.1679659998757
Ara-3,0.014819929773839462,-0.014819929773839462,777,816.968060003756,850.6207199653784
Ara-3,0.015147382706358637,-0.015147382706358637,774,807.6186838861798,842.1585043529451
Ara-3,0.015482070856901894,-0.015482070856901894,766,798.3763019560961,833.7804732558795
Ara-3,0.015824154090825927,-0.015824154090825927,760,789.2396897728568,825.4857891828004
Ara-3,0.016173795805783514,-0.016173795805783514,754,780.2076369083034,817.2736229739311
Ara-3,0.016531163009771144,-0.016531163009771144,745,771.2789467864055,809.1431537182083
Ara-3,0.016896426400901214,-0.016896426400901214,742,762.4524365247418,801.0935686712255
Ara-3,0.017269760448936716,-0.017269760448936716,739,753.7269367777878,793.1240631739871
Ara-3,0.017651343478627613,-0.017651343478627613,733,745.1012915819987,785.2338405724726
Ara-3,0.018041357754888403,-0.018041357754888403,726,736.5743582026687,777.4221121380035
Ara-3,0.018439989569857877,-0.018439989569857877,717,728.1450069825398,769.6880969883928
Ara-3,0.018847429331882368,-0.018847429331882368,712,719.8121211921405,762.0310220098951
Ara-3,0.019263871656465252,-0.019263871656465252,708,711.5745968818446,754.4501217799159
Ara-3,0.019689515459225874,-0.019689515459225874,702,703.4313427356171,746.9446384905041
Ara-3,0.020124564050912598,-0.020124564050912598,700,695.3812799264338,739.5138218725943
Ara-3,0.02056922523451509,-0.02056922523451509,694,687.4233419733578,732.156929121011
Ara-3,0.02102371140452239,-0.02102371140452239,689,679.5564746002557,724.8732248202145
Ara-3,0.021488239648374114,-0.021488239648374114,686,671.7796355961174,717.6619808707871
Ara-3,0.021963031850153338,-0.021963031850153338,679,664.0917946769902,710.5224764166495
Ara-3,0.022448314796570536,-0.022448314796570536,675,656.4919333494827,703.4539977730046
Ara-3,0.02294432028528926,-0.02294432028528926,666,648.9790447758323,696.4558383549916
Ara-3,0.02345128523564548,-0.02345128523564548,658,641.5521336405217,689.5272986070557
Ara-3,0.023969451801813094,-0.023969451801813094,650,634.2102160184164,682.6676859330211
Ara-3,0.024499067488470107,-0.024499067488470107,648,626.952319244412,675.8763146268521
Ara-3,0.025040385269020304,-0.025040385269020304,644,619.7774817845782,669.1525058041121
Ara-3,0.025593663706427242,-0.025593663706427242,638,612.6847531087692,662.4955873340984
Ara-3,0.026159167076718042,-0.026159167076718042,634,605.6731935647006,655.904893772655
Ara-3,0.026737165495216025,-0.026737165495216025,628,598.7418742534605,649.3797662956518
Ara-3,0.02732793504556259,-0.02732793504556259,626,591.88987690645,642.9195526331296
Ara-3,0.02793175791158987,-0.02793175791158987,618,585.1162937637273,636.5236070040934
Ara-3,0.028548922512107153,-0.028548922512107153,614,578.4202274537488,630.1912900519604
Ara-3,0.029179723638665393,-0.029179723638665393,609,571.8007908744844,623.9219687806496
Ara-3,0.029824462596365908,-0.029824462596365908,602,565.2571070758933,617.7150164913024
Ara-3,0.030483447347780024,-0.030483447347780024,600,558.7883091437419,611.5698127196385
Ara-3,0.03115699266004896,-0.03115699266004896,593,552.3935400847586,605.4857431739318
Ara-3,0.031845420255233715,-0.031845420255233715,589,546.0719527130956,599.4621996736039
Ara-3,0.03254905896398719,-0.03254905896398719,583,539.822709538092,593.498580088429
Ara-3,0.033268244882621666,-0.033268244882621666,578,533.644982653325,587.5942882783427
Ara-3,0.03400332153364673,-0.03400332153364673,574,527.5379536269265,581.7487340338522
Ara-3,0.03475464002985443,-0.03475464002985443,569,521.500813393155,575.9613330170342
Ara-3,0.03552255924202998,-0.03552255924202998,565,515.5327621452126,570.2315067031243
Ara-3,0.03630744597036806,-0.03630744597036806,558,509.63300922928255,564.5586823226878
Ara-3,0.037109675119676507,-0.037109675119676507,556,503.80077303978595,558.9422928043608
Ara-3,0.037929629878451554,-0.037929629878451554,554,498.03528091583036,553.3817767181662
Ara-3,0.03876770190190947,-0.03876770190190947,547,492.3357690388498,547.8765782193915
Ara-3,0.03962429149906251,-0.03962429149906251,544,486.7014823314117,542.4261469930238
Ara-3,0.04049980782392839,-0.04049980782392839,541,481.131674357184,537.0299381987414
Ara-3,0.041394669070964674,-0.041394669070964674,535,475.6256072220451,531.6874124164468
Ara-3,0.04230930267482125,-0.04230930267482125,533,470.1825514763297,526.3980355923467
Ara-3,0.04324414551450647,-0.04324414551450647,532,464.8017860181869,521.1612789855654
Ara-3,0.04419964412206445,-0.04419964412206445,528,459.4825979980511,515.9766191152927
Ara-3,0.04517625489586328,-0.04517625489586328,524,454.22428272420177,510.84353770845223
Ara-3,0.04617444431859572,-0.04617444431859572,521,449.0261435694034,505.76152164789517
Ara-3,0.047194689180096845,-0.047194689180096845,519,443.8874918786187,500.7300629211072
Ara-3,0.048237476805085,-0.048237476805085,516,438.8076468777729,495.74865856942654
Ara-3,0.04930330528593471,-0.04930330528593471,511,433.78593558356357,490.8168106377658
Ara-3,0.05039268372059277,-0.05039268372059277,502,428.82169271430496,485.9340261248371
Ara-3,0.051506132455751245,-0.051506132455751245,498,423.9142606017897,481.09981693386754
Ara-3,0.052644183335393634,-0.052644183335393634,493,419.06298910415927,476.3136998238095
Ara-3,0.053807379954832514,-0.053807379954832514,489,414.2672355197746,471.5751963610336
Ara-3,0.05499627792036037,-0.05499627792036037,487,409.5263645020691,466.8838328715048
Ara-3,0.056211445114637534,-0.056211445114637534,481,404.8397479753763,462.23914039343026
Ara-3,0.0574534619679441,-0.0574534619679441,475,400.2067650517243,457.64065463038196
Ara-3,0.058722921735425045,-0.058722921735425045,472,395.62680194857666,453.08791590488397
Ara-3,0.06002043078046128,-0.06002043078046128,470,391.0992519075208,448.58046911246294
Ara-3,0.061346608864302085,-0.061346608864302085,465,386.62351511388255,444.1178636761525
Ara-3,0.0627020894420969,-0.0627020894420969,463,382.19899861726117,439.6996535014539
Ara-3,0.06408751996546806,-0.06408751996546806,461,377.82511625297684,435.32539693174215
Ara-3,0.06550356219176914,-0.06550356219176914,461,373.5012885644136,430.99465670411865
Ara-3,0.0669508925001765,-0.0669508925001765,455,369.22694272625165,426.7069999056985
Ara-3,0.06843020221476491,-0.06843020221476491,447,365.0015124685808,422.4619979303373
Ara-3,0.06994219793472167,-0.06994219793472167,446,360.824438001878,418.2592264357856
Ara-3,0.071487601871857,-0.071487601871857,445,356.69516594284903,414.09826530127094
Ara-3,0.07306715219557204,-0.07306715219557204,444,352.61314924111207,409.978698585501
Ara-3,0.0746816033854488,-0.0746816033854488,439,348.577847106726,405.9001144850849
Ara-3,0.07633172659163069,-0.07633172659163069,436,344.588724938546,401.86210529336944
Ara-3,0.07801831000316634,-0.07801831000316634,436,340.6452542533987,397.8642673596815
Ara-3,0.07974215922449152,-0.07974215922449152,427,336.74691261606716,393.9062010489791
Ara-3,0.08150409766022985,-0.08150409766022985,425,332.89318357007977,389.9875107019037
Ara-3,0.08330496690849597,-0.08330496690849597,421,329.083556569289,386.1078045952271
Ara-3,0.08514562716288879,-0.08514562716288879,417,325.31752691023223,382.26669490269484
Ara-3,0.08702695762336701,-0.08702695762336701,414,321.59459566527056,378.4637976562579
Ara-3,0.08894985691620291,-0.08894985691620291,411,317.9142696164889,374.69873270768966
Ara-3,0.09091524352321548,-0.09091524352321548,408,314.27606119035335,370.9711236905865
Ara-3,0.09292405622048769,-0.09292405622048769,407,310.6794883931185,367.2805979827436
Ara-3,0.09497725452677712,-0.09497725452677712,407,307.12407474697176,363.62678666890696
Ara-3,0.09707581916183444,-0.09707581916183444,404,303.6093492269079,360.009324503897
Ara-3,0.09922075251484909,-0.09922075251484909,404,300.13484619832946,356.4278498760956
Ara-3,0.10141307912324497,-0.10141307912324497,402,296.7001053553565,352.88200477129965
Ara-3,0.10365384616205542,-0.10365384616205542,399,293.30467165984714,349.3714347369326
Ara-3,0.10594412394411153,-0.10594412394411153,397,289.9480952811112,345.8957888466125
Ara-3,0.10828500643128176,-0.10828500643128176,396,286.62993153631845,342.4547196650722
Ara-3,0.11067761175700826,-0.11067761175700826,394,283.3497408315854,339.0478832134288
Ara-3,0.11312308276038811,-0.11312308276038811,393,280.10708860373666,335.6749389347994
Ara-3,0.11562258753205626,-0.11562258753205626,391,276.9015452627354,332.33554966025616
Ara-3,0.1181773199721289,-0.1181773199721289,389,273.73268613476966,329.0293815751244
Ara-3,0.12078850036047596,-0.12078850036047596,386,270.6000914059906,325.7561041856113
Ara-3,0.12345737593959305,-0.12345737593959305,382,267.50334606689665,322.5153902857702
Ara-3,0.12618522151035305,-0.12618522151035305,380,264.44203985735146,319.30691592479167
Ara-3,0.1289733400409202,-0.1289733400409202,377,261.4157672122321,316.1303603746207
Ara-3,0.1318230632891195,-0.1318230632891195,375,258.42412720770017,312.9854060978954
Ara-3,0.13473575243855665,-0.13473575243855665,375,255.4667235080867,309.87173871620627
Ara-3,0.13771279874879377,-0.13771279874879377,374,252.54316431338432,306.7890469786683
Ara-3,0.14075562421989132,-0.14075562421989132,372,249.65306230734262,303.73702273080863
Ara-3,0.14386568227163257,-0.14386568227163257,368,246.79603460615527,300.7153608837621
Ara-3,0.14704445843775696,-0.14704445843775696,368,243.9717027077346,297.7237593837747
Ara-3,0.15029347107553154,-0.15029347107553154,366,241.17969244156873,294.7619191820076
Ara-3,0.15361427209100212,-0.15361427209100212,364,238.41963391914942,291.8295442046451
Ara-3,0.15700844768026767,-0.15700844768026767,361,235.69116148497042,288.9263413232974
Ara-3,0.16047761908713512,-0.16047761908713512,358,232.99391366808342,286.05202032569844
Ara-3,0.16402344337751312,-0.16402344337751312,355,230.32753313421145,283.2062938866969
Ara-3,0.16764761423091815,-0.16764761423091815,349,227.69166663840826,280.3888775395326
Ara-3,0.171351862749468,-0.171351862749468,346,225.08596497825937,277.59948964740124
Ara-3,0.1751379582847506,-0.1751379582847506,345,222.51008294762062,274.83785137530117
Ara-3,0.17900770928296364,-0.17900770928296364,339,219.96367929088424,272.10368666216067
Ara-3,0.18296296414872668,-0.18296296414872668,336,217.44641665776848,269.3967221932412
Ara-3,0.1870056121279809,-0.1870056121279809,330,214.9579615586261,266.7166873728167
Ara-3,0.19113758421039548,-0.19113758421039548,327,212.49798432026276,264.06331429712395
Ara-3,0.19536085405171466,-0.19536085405171466,322,210.06615904226112,261.436337727582
Ara-3,0.19967743891648287,-0.19967743891648287,318,207.66216355380618,258.8354950642789
Ara-3,0.20408940064160117,-0.20408940064160117,309,205.2856793710032,256.2605263197205
Ara-3,0.20859884662117262,-0.20859884662117262,302,202.9363916546842,253.7111740928418
Ara-3,0.21320793081310957,-0.21320793081310957,297,200.61398916869862,251.1871835432763
Ara-3,0.21791885476798137,-0.21791885476798137,293,198.31816423868005,248.68830236588224
Ara-3,0.222733868680595,-0.222733868680595,290,196.04861271128462,246.21428076552016
Ara-3,0.22765527246481185,-0.22765527246481185,287,193.80503391389746,243.76487143208348
Ara-3,0.23268541685211144,-0.23268541685211144,286,191.5871306147987,241.33982951577661
Ara-3,0.23782670451443017,-0.23782670451443017,283,189.39460898378556,238.93891260263874
Ara-3,0.2430815912118078,-0.2430815912118078,282,187.2271785532464,236.56188069031242
Ara-3,0.24845258696539377,-0.24845258696539377,279,185.08455217967804,234.20849616405093
Ara-3,0.2539422572563694,-0.2539422572563694,273,182.9664460056458,231.8785237729664
Ara-3,0.25955322425136307,-0.25955322425136307,269,180.87257942217713,229.57173060651328
Ara-3,0.26528816805493916,-0.26528816805493916,265,178.80267503158646,227.28788607120657
Ara-3,0.27114982798976367,-0.27114982798976367,263,176.75645861072496,225.02676186756995
Ara-3,0.2771410039050538,-0.2771410039050538,260,174.7336590746513,222.788131967315
Ara-3,0.28326455751393875,-0.28326455751393875,256,172.7340084407185,220.57177259074678
Ara-3,0.2895234137603712,-0.2895234137603712,252,170.75724179307082,218.3774621843938
Ara-3,0.2959205622162395,-0.2959205622162395,250,168.8030972475471,216.20498139886183
Ara-3,0.3024590585093516,-0.3024590585093516,242,166.87131591698693,214.05411306690584
Ara-3,0.30914202578296873,-0.30914202578296873,234,164.9616418769325,211.92464218172228
Ara-3,0.3159726561875908,-0.3159726561875908,228,163.07382213172318,209.81635587545586
Ara-3,0.3229542124057005,-0.3229542124057005,221,161.207606580979,207.72904339792152
Ara-3,0.33009002921019986,-0.33009002921019986,214,159.36274798646687,205.66249609553614
Ara-3,0.33738351505728004,-0.33738351505728004,208,157.5390019393457,203.6165073904617
Ara-3,0.34483815371448534,-0.34483815371448534,200,155.7361268277878,201.59087275995483
Ara-3,0.3524575059247524,-0.3524575059247524,190,153.95388380496885,199.58538971592228
Ara-3,0.36024521110721436,-0.36024521110721436,183,152.19203675742605,197.59985778468007
Ara-3,0.36820498909558774,-0.36820498909558774,174,150.45035227377718,195.63407848691264
Ara-3,0.3763406419149669,-0.3763406419149669,161,148.72859961379814,193.68785531783303
Ara-3,0.38465605559788063,-0.38465605559788063,149,147.0265506778538,191.76099372753933
Ara-3,0.393155202040472,-0.393155202040472,140,145.34397997668,189.85330110156755
Ara-3,0.40184214089969494,-0.40184214089969494,135,143.6806646015094,187.96458674163645
Ara-3,0.41072102153242657,-0.41072102153242657,128,142.03638419454128,186.09466184658544
Ara-3,0.41979608497742815,-0.41979608497742815,124,140.41092091974787,184.2433394935012
Ara-3,0.42907166598109675,-0.42907166598109675,117,138.80405943401485,182.41043461903234
Ara-3,0.4385521950679761,-0.4385521950679761,106,137.21558685861325,180.59576400089057
Ara-3,0.4482422006570192,-0.4482422006570192,102,135.64529275099622,178.79914623953425
Ara-3,0.45814631122460653,-0.45814631122460653,90,134.0929690769201,177.02040174003585
Ara-3,0.4682692575153617,-0.4682692575153617,87,132.55841018288342,175.259352694129
Ara-3,0.47861587480181145,-0.47861587480181145,76,131.04141276888157,173.5158230624342
Ara-3,0.4891911051939782,-0.4891911051939782,60,129.54177586147387,171.78963855686192
Ara-3,0.5,-0.5,56,128.0593007871581,170.08062662318932
Ara+2,0.01,-0.01,1202,1124.4253067204336,1460.6267913053966
Ara+2,0.010220954442778263,-0.010220954442778263,1183,1111.5573922653666,1437.1024595385732
Ara+2,0.010446790972134875,-0.010446790972134875,1171,1098.8367381231299,1413.957002230556
Ara+2,0.01067761745994178,-0.01067761745994178,1158,1086.261659047852,1391.1843173650614
Ara+2,0.010913544161547873,-0.010913544161547873,1147,1073.8304890795969,1368.778401202692
Ara+2,0.011154683768442948,-0.011154683768442948,1136,1061.5415813236687,1346.733346698128
Ara+2,0.011401151462085358,-0.011401151462085358,1121,1049.3933077324148,1325.0433419428002
Ara+2,0.011653064968918922,-0.011653064968918922,1112,1037.384058889549,1303.7026686326606
Ara+2,0.011910544616605566,-0.011910544616605566,1099,1025.512243796934,1282.705700560619
Ara+2,0.012173713391500337,-0.012173713391500337,1088,1013.776289663803,1262.0469021332565
Ara+2,0.012442696997396458,-0.012442696997396458,1077,1002.1746416983918,1241.7208269114376
Ara+2,0.012717623915568315,-0.012717623915568315,1064,990.7057629019637,1221.7221161744296
Ara+2,0.012998625466141105,-0.012998625466141105,1046,979.3681338651834,1202.0454975071323
Ara+2,0.013285835870816564,-0.013285835870816564,1023,968.1602525668216,1182.6857834100745
Ara+2,0.013579392316984537,-0.013579392316984537,1002,957.080634174771,1163.6378699317927
Ara+2,0.013879435023251218,-0.013879435023251218,987,946.1278108493315,1144.8967353232383
Ara+2,0.014186107306415174,-0.014186107306415174,973,935.3003315487462,1126.4574387138498
Ara+2,0.014499555649923342,-0.014499555649923342,960,924.5967618369714,1108.315118808963
Ara+2,0.014819929773839462,-0.014819929773839462,946,914.0156836936385,1090.4649926081784
Ara+2,0.015147382706358637,-0.015147382706358637,929,903.5556953261911,1072.9023541443871
Ara+2,0.015482070856901894,-0.015482070856901894,917,893.215410984176,1055.6225732431053
Ara+2,0.015824154090825927,-0.015824154090825927,908,882.9934607756591,1038.6210943017759
Ara+2,0.016173795805783514,-0.016173795805783514,890,872.8884904857385,1021.8934350887465
Ara+2,0.016531163009771144,-0.016531163009771144,876,862.8991613971356,1005.4351855615806
Ara+2,0.016896426400901214,-0.016896426400901214,862,853.0241501128432,989.2420067044068
Ara+2,0.017269760448936716,-0.017269760448936716,853,843.2621483807999,973.3096293839847
Ara+2,0.017651343478627613,-0.017651343478627613,841,833.6118629205681,957.6338532242103
Ara+2,0.018041357754888403,-0.018041357754888403,831,824.0720152520038,942.2105454987266
Ara+2,0.018439989569857877,-0.018439989569857877,817,814.6413415258797,927.0356400413896
Ara+2,0.018847429331882368,-0.018847429331882368,802,805.3185923564473,912.1051361742697
Ara+2,0.019263871656465252,-0.019263871656465252,793,796.1025326559208,897.4150976529222
Ara+2,0.019689515459225874,-0.019689515459225874,786,786.9919414708493,882.9616516286466
Ara+2,0.020124564050912598,-0.020124564050912598,779,777.9856118203625,868.7409876274521
Ara+2,0.02056922523451509,-0.02056922523451509,765,769.0823505362691,854.7493565454826
Ara+2,0.02102371140452239,-0.02102371140452239,753,760.2809781049895,840.9830696605991
Ara+2,0.021488239648374114,-0.021488239648374114,744,751.580328511283,827.4384976599058
Ara+2,0.021963031850153338,-0.021963031850153338,735,742.9792490837817,814.112069682915
Ara+2,0.022448314796570536,-0.022448314796570536,726,734.4766003422793,801.0002723801413
Ara+2,0.02294432028528926,-0.02294432028528926,714,726.0712558467703,788.0996489868465
Ara+2,0.02345128523564548,-0.02345128523564548,703,717.762102048222,775.4067984117072
Ara+2,0.023969451801813094,-0.023969451801813094,693,709.5480381410479,762.9183743401585
Ara+2,0.024499067488470107,-0.024499067488470107,685,701.4279759172703,750.6310843521762
Ara+2,0.025040385269020304,-0.025040385269020304,676,693.4008396223574,738.5416890542784
Ara+2,0.025593663706427242,-0.025593663706427242,670,685.4655658127016,726.6470012254891
Ara+2,0.026159167076718042,-0.026159167076718042,657,677.6211032147377,714.943884977074
Ara+2,0.026737165495216025,-0.026737165495216025,649,669.8664125856661,703.4292549257979
Ara+2,0.02732793504556259,-0.02732793504556259,641,662.2004665757743,692.100075380505
Ara+2,0.02793175791158987,-0.02793175791158987,628,654.6222495923307,680.95335954179
Ara+2,0.028548922512107153,-0.028548922512107153,618,647.1307576650395,669.986168714571
Ara+2,0.029179723638665393,-0.029179723638665393,614,639.7249983130336,659.1956115333361
Ara+2,0.029824462596365908,-0.029824462596365908,603,632.4039904133895,648.5788431998683
Ara+2,0.030483447347780024,-0.030483447347780024,594,625.1667640711454,638.1330647332551
Ara+2,0.03115699266004896,-0.03115699266004896,581,618.0123604908111,627.8555222319634
Ara+2,0.031845420255233715,-0.031845420255233715,574,610.939831849345,617.7435061478159
Ara+2,0.03254905896398719,-0.03254905896398719,568,603.9482411705827,607.7943505716431
Ara+2,0.033268244882621666,-0.033268244882621666,556,597.0366622011101,598.0054325304576
Ara+2,0.03400332153364673,-0.03400332153364673,551,590.2041792875494,588.374171295931
Ara+2,0.03475464002985443,-0.03475464002985443,549,583.4498872552517,578.8980277040247
Ara+2,0.03552255924202998,-0.03552255924202998,544,576.7728912883816,569.5745034855629
Ara+2,0.03630744597036806,-0.03630744597036806,537,570.1723068113672,560.4011406076002
Ara+2,0.037109675119676507,-0.037109675119676507,526,563.6472593717145,551.3755206253887
Ara+2,0.037929629878451554,-0.037929629878451554,524,557.1968845241552,542.495264044784
Ara+2,0.03876770190190947,-0.03876770190190947,520,550.8203277161272,533.758029694923
Ara+2,0.03962429149906251,-0.03962429149906251,512,544.5167441745609,525.1615141110011
Ara+2,0.04049980782392839,-0.04049980782392839,506,538.2852987939635,516.703450926994
Ara+2,0.041394669070964674,-0.041394669070964674,501,532.1251660257818,508.3816102781542
Ara+2,0.04230930267482125,-0.04230930267482125,494,526.0355297690353,500.1937982131383
Ara+2,0.04324414551450647,-0.04324414551450647,490,520.0155832621953,492.13785611559683
Ara+2,0.04419964412206445,-0.04419964412206445,482,514.0645289763067,484.211660135082
Ara+2,0.04517625489586328,-0.04517625489586328,477,508.18157850933005,476.41312062712063
Ara+2,0.04617444431859572,-0.04617444431859572,471,502.36595248169095,468.74018160230304
Ara+2,0.047194689180096845,-0.047194689180096845,463,496.61688043303036,461.1908201842513
Ara+2,0.048237476805085,-0.048237476805085,459,490.9336007201314,453.7630460763064
Ara+2,0.04930330528593471,-0.04930330528593471,456,485.31536041601504,446.4549010368173
Ara+2,0.05039268372059277,-0.05039268372059277,450,479.7614152101941,439.2644583628683
Ara+2,0.051506132455751245,-0.051506132455751245,445,474.27102931006465,432.18982238233366
Ara+2,0.052644183335393634,-0.052644183335393634,441,468.8434753434264,425.2291279541008
Ara+2,0.053807379954832514,-0.053807379954832514,437,463.47803426212215,418.3805399763535
Ara+2,0.05499627792036037,-0.05499627792036037,434,458.1739952467762,411.6422529027672
Ara+2,0.056211445114637534,-0.056211445114637534,431,452.93065561262296,405.0124902664997
Ara+2,0.0574534619679441,-0.0574534619679441,426,447.74732071641745,398.4895042118475
Ara+2,0.058722921735425045,-0.058722921735425045,420,442.62330386440505,392.07157503344354
Ara+2,0.06002043078046128,-0.06002043078046128,419,437.5579262213503,385.75701072288155
Ara+2,0.061346608864302085,-0.061346608864302085,413,432.5505167206028,379.5441465226341
Ara+2,0.0627020894420969,-0.0627020894420969,408,427.6004119751926,373.4313444871633
Ara+2,0.06408751996546806,-0.06408751996546806,406,422.7069561899462,367.41699305109506
Ara+2,0.06550356219176914,-0.06550356219176914,402,417.86950107460495,361.4995066043495
Ara+2,0.0669508925001765,-0.0669508925001765,397,413.0874057579377,355.67732507411523
Ara+2,0.06843020221476491,-0.06843020221476491,395,408.36003670284026,349.94891351355307
Ara+2,0.06994219793472167,-0.06994219793472167,393,403.68676762240017,344.3127616971296
Ara+2,0.071487601871857,-0.071487601871857,391,399.0669793969302,338.7673837224616
Ara+2,0.07306715219557204,-0.07306715219557204,388,394.5000599919418,333.3113176185778
Ara+2,0.0746816033854488,-0.0746816033854488,382,389.9854043770646,327.94312496048633
Ara+2,0.07633172659163069,-0.07633172659163069,378,385.5224144458918,322.661390489955
Ara+2,0.07801831000316634,-0.07801831000316634,373,381.11049893674186,317.46472174239153
Ara+2,0.07974215922449152,-0.07974215922449152,371,376.7490733543261,312.35174867974064
Ara+2,0.08150409766022985,-0.08150409766022985,365,372.43755989231636,307.3211233292888
Ara+2,0.08330496690849597,-0.08330496690849597,363,368.17538735679574,302.371519428288
Ara+2,0.08514562716288879,-0.08514562716288879,360,363.961991090585,297.50163207430325
Ara+2,0.08702695762336701,-0.08702695762336701,357,359.7968128984383,292.7101773811894
Ara+2,0.08894985691620291,-0.08894985691620291,349,355.67930097309176,287.9958921406132
Ara+2,0.09091524352321548,-0.09091524352321548,346,351.60890982215864,283.3575334890212
Ara+2,0.09292405622048769,-0.09292405622048769,342,347.58510019586384,278.7938785799755
Ara+2,0.09497725452677712,-0.09497725452677712,336,343.6073390156023,274.30372426176416
Ara+2,0.09707581916183444,-0.09707581916183444,334,339.67509930331556,269.8858867602061
Ara+2,0.09922075251484909,-0.09922075251484909,330,335.78786011167915,265.53920136656313
Ara+2,0.10141307912324497,-0.10141307912324497,327,331.9451064550846,261.26252213047854
Ara+2,0.10365384616205542,-0.10365384616205542,327,328.14632924141586,257.0547215578616
Ara+2,0.10594412394411153,-0.10594412394411153,321,324.3910252046019,252.9146903136368
Ara+2,0.10828500643128176,-0.10828500643128176,318,320.67869683794544,248.84133692928322
Ara+2,0.11067761175700826,-0.11067761175700826,315,317.0088523282123,244.83358751507913
Ara+2,0.11312308276038811,-0.11312308276038811,312,313.38100549047397,240.89038547698777
Ara+2,0.11562258753205626,-0.11562258753205626,311,309.79467570369945,237.01069123809572
Ara+2,0.1181773199721289,-0.1181773199721289,308,306.24938784708104,233.19348196454374
Ara+2,0.12078850036047596,-0.12078850036047596,306,302.744672237089,229.4377512958681
Ara+2,0.12345737593959305,-0.12345737593959305,303,299.28006456524923,225.74250907968607
Ara+2,0.12618522151035305,-0.12618522151035305,299,295.85510583663,222.10678111065442
Ara+2,0.1289733400409202,-0.1289733400409202,298,292.46934230903327,218.5296088736322
Ara+2,0.1318230632891195,-0.1318230632891195,296,289.122325432884,215.01004929097996
Ara+2,0.13473575243855665,-0.13473575243855665,291,285.813611791805,211.54717447392818
Ara+2,0.13771279874879377,-0.13771279874879377,288,282.5427630438718,208.14007147795266
Ara+2,0.14075562421989132,-0.14075562421989132,283,279.3093458635423,204.78784206208508
Ara+2,0.14386568227163257,-0.14386568227163257,282,276.11293188424867,201.48960245210586
Ara+2,0.14704445843775696,-0.14704445843775696,279,272.9530976416458,198.24448310754502
Ara+2,0.15029347107553154,-0.15029347107553154,279,269.8294245175122,195.05162849244064
Ara+2,0.15361427209100212,-0.15361427209100212,275,266.7414986842894,191.9101968497862
Ara+2,0.15700844768026767,-0.15700844768026767,270,263.68891105025887,188.81935997961196
Ara+2,0.16047761908713512,-0.16047761908713512,267,260.6712572053438,185.77830302064018
Ara+2,0.16402344337751312,-0.16402344337751312,264,257.6881373675338,182.7862242354569
Ara+2,0.16764761423091815,-0.16764761423091815,263,254.73915632992058,179.8423347991438
Ara+2,0.171351862749468,-0.171351862749468,260,251.82392340834016,176.94585859131345
Ara+2,0.1751379582847506,-0.1751379582847506,257,248.9420523896156,174.09603199149646
Ara+2,0.17900770928296364,-0.17900770928296364,252,246.09316148039062,171.29210367781994
Ara+2,0.18296296414872668,-0.18296296414872668,246,243.27687325654847,168.53333442893256
Ara+2,0.1870056121279809,-0.1870056121279809,240,240.49281461321166,165.81899692911708
Ara+2,0.19113758421039548,-0.19113758421039548,238,237.7406167153121,163.14837557654252
Ara+2,0.19536085405171466,-0.19536085405171466,236,235.01991494872658,160.52076629460473
Ara+2,0.19967743891648287,-0.19967743891648287,234,232.33034887197388,157.93547634630494
Ara+2,0.20408940064160117,-0.20408940064160117,230,229.67156216846212,155.39182415161852
Ara+2,0.20859884662117262,-0.20859884662117262,228,227.04320259928323,152.88913910780403
Ara+2,0.21320793081310957,-0.21320793081310957,221,224.44492195654897,150.426761412608
Ara+2,0.21791885476798137,-0.21791885476798137,220,221.87637601725956,148.0040418903154
Ara+2,0.222733868680595,-0.222733868680595,215,219.33722449769985,145.62034182060276
Ara+2,0.22765527246481185,-0.22765527246481185,212,216.82713100835957,143.2750327701473
Ara+2,0.23268541685211144,-0.23268541685211144,206,214.3457630093673,140.96749642694812
Ara+2,0.23782670451443017,-0.23782670451443017,201,211.89279176643478,138.69712443731586
Ara+2,0.2430815912118078,-0.2430815912118078,199,209.46789230730718,136.46331824548778
Ara+2,0.24845258696539377,-0.24845258696539377,196,207.07074337870878,134.26548893582574
Ara+2,0.2539422572563694,-0.2539422572563694,193,204.7010274037845,132.10305707755597
Ara+2,0.25955322425136307,-0.25955322425136307,186,202.3584304400261,129.97545257200886
Ara+2,0.26528816805493916,-0.26528816805493916,183,200.0426421376811,127.88211450231996
Ara+2,0.27114982798976367,-0.27114982798976367,179,197.75335569863688,125.82249098555083
Ara+2,0.2771410039050538,-0.2771410039050538,174,195.49026783577597,123.79603902719185
Ara+2,0.28326455751393875,-0.28326455751393875,168,193.2530787327967,121.80222437800846
Ara+2,0.2895234137603712,-0.2895234137603712,161,191.04149200449282,119.84052139319283
Ara+2,0.2959205622162395,-0.2959205622162395,153,188.85521465748755,117.91041289378404
Ara+2,0.3024590585093516,-0.3024590585093516,148,186.69395705141852,116.01139003032029
Ara+2,0.30914202578296873,-0.30914202578296873,144,184.55743286056546,114.14295214868692
Ara+2,0.3159726561875908,-0.3159726561875908,137,182.44535903591688,112.3046066581248
Ara+2,0.3229542124057005,-0.3229542124057005,126,180.35745576767246,110.49586890136534
Ara+2,0.33009002921019986,-0.33009002921019986,120,178.29344644817309,108.71626202685623
Ara+2,0.33738351505728004,-0.33738351505728004,114,176.25305763525503,106.96531686304533
Ara+2,0.34483815371448534,-0.34483815371448534,109,174.2360190160252,105.24257179468948
Ara+2,0.3524575059247524,-0.3524575059247524,98,172.24206337104857,103.5475726411552
Ara+2,0.36024521110721436,-0.36024521110721436,91,170.27092653894766,101.87987253667957
Ara+2,0.36820498909558774,-0.36820498909558774,85,168.32234738140556,100.23903181255955
Ara+2,0.3763406419149669,-0.3763406419149669,78,166.3960677485704,98.62461788123876
Ara+2,0.38465605559788063,-0.38465605559788063,74,164.49183244485482,97.03620512226068
Ara+2,0.393155202040472,-0.393155202040472,71,162.60938919512827,95.47337477005999
Ara+2,0.40184214089969494,-0.40184214089969494,60,160.7484886112943,93.93571480355888
Ara+2,0.41072102153242657,-0.41072102153242657,55,158.9088841592523,92.42281983754377
Ara+2,0.41979608497742815,-0.41979608497742815,49,157.09033212623604,90.93429101578998
Ara+2,0.42907166598109675,-0.42907166598109675,43,155.29259158852577,89.46973590590828
Ara+2,0.4385521950679761,-0.4385521950679761,40,153.5154243795316,88.0287683958849
Ara+2,0.4482422006570192,-0.4482422006570192,30,151.75859505823954,86.61100859228783
Ara+2,0.45814631122460653,-0.45814631122460653,24,150.02187087802128,85.21608272011261
Ara+2,0.4682692575153617,-0.4682692575153617,16,148.30502175579903,83.84362302424088
Ara+2,0.47861587480181145,-0.47861587480181145,13,146.60782024156356,82.49326767248667
Ara+2,0.4891911051939782,-0.4891911051939782,9,144.93004148824218,81.16466066020348
Ara+2,0.5,-0.5,6,143.27146322191038,79.85745171642809
Ara+6,0.01,-0.01,1689,1627.2395040803538,2028.7126090363204
Ara+6,0.010220954442778263,-0.010220954442778263,1671,1608.6173878657303,1996.8501256697155
Ara+6,0.010446790972134875,-0.010446790972134875,1656,1590.2083830040694,1965.4880669772438
Ara+6,0.01067761745994178,-0.01067761745994178,1640,1572.0100506507085,1934.6185734066037
Ara+6,0.010913544161547873,-0.010913544161547873,1623,1554.0199798711044,1904.2339088457745
Ara+6,0.011154683768442948,-0.011154683768442948,1611,1536.235787321427,1874.3264586842927
Ara+6,0.011401151462085358,-0.011401151462085358,1597,1518.6551169328138,1844.8887279049745
Ara+6,0.011653064968918922,-0.011653064968918922,1577,1501.275639599243,1815.913339205618
Ara+6,0.011910544616605566,-0.011910544616605566,1569,1484.0950528689557,1787.3930311501958
Ara+6,0.012173713391500337,-0.012173713391500337,1550,1467.111080639439,1759.3206563490842
Ara+6,0.012442696997396458,-0.012442696997396458,1534,1450.3214728558744,1731.6891796678822
Ara+6,0.012717623915568315,-0.012717623915568315,1521,1433.7240052130583,1704.4916764643567
Ara+6,0.012998625466141105,-0.012998625466141105,1500,1417.316478860712,1677.721330853076
Ara+6,0.013285835870816564,-0.013285835870816564,1488,1401.0967201121919,1651.371433997306
Ara+6,0.013579392316984537,-0.013579392316984537,1467,1385.0625801564988,1625.435382427726
Ara+6,0.013879435023251218,-0.013879435023251218,1447,1369.211934773612,1599.9066763875446
Ara+6,0.014186107306415174,-0.014186107306415174,1429,1353.54268405307,1574.7789182036324
Ara+6,0.014499555649923342,-0.014499555649923342,1404,1338.0527521157705,1550.0458106832043
Ara+6,0.014819929773839462,-0.014819929773839462,1383,1322.7400868389534,1525.7011555357067
Ara+6,0.015147382706358637,-0.015147382706358637,1367,1307.6026595843337,1501.7388518194803
Ara+6,0.015482070856901894,-0.015482070856901894,1345,1292.6384649293545,1478.15289441282
Ara+6,0.015824154090825927,-0.015824154090825927,1336,1277.845520401491,1454.9373725090534
Ara+6,0.016173795805783514,-0.016173795805783514,1323,1263.221866215623,1432.0864681352482
Ara+6,0.016531163009771144,-0.016531163009771144,1305,1248.7655650143963,1409.5944546941848
Ara+6,0.016896426400901214,-0.016896426400901214,1278,1234.474701611556,1387.455695529235
Ara+6,0.017269760448936716,-0.017269760448936716,1263,1220.3473827382236,1365.6646425117742
Ara+6,0.017651343478627613,-0.017651343478627613,1240,1206.381736792081,1344.2158346507808
Ara+6,0.018041357754888403,-0.018041357754888403,1224,1192.5759135894064,1323.1038967242796
Ara+6,0.018439989569857877,-0.018439989569857877,1203,1178.9280841199657,1302.3235379322584
Ara+6,0.018847429331882368,-0.018847429331882368,1182,1165.43644030471,1281.869550570778
Ara+6,0.019263871656465252,-0.019263871656465252,1165,1152.0991947562272,1261.7368087268653
Ara+6,0.019689515459225874,-0.019689515459225874,1149,1138.914580541953,1241.9202669939334
Ara+6,0.020124564050912598,-0.020124564050912598,1133,1125.8808509500886,1222.4149592073659
Ara+6,0.02056922523451509,-0.02056922523451509,1122,1112.9962792581907,1203.21599719996
Ara+6,0.02102371140452239,-0.02102371140452239,1112,1100.2591585044108,1184.3185695769157
Ara+6,0.021488239648374114,-0.021488239648374114,1098,1087.6678012613647,1165.7179405100758
Ara+6,0.021963031850153338,-0.021963031850153338,1076,1075.2205394125688,1147.4094485510795
Ara+6,0.022448314796570536,-0.022448314796570536,1060,1062.915723931452,1129.388505463182
Ara+6,0.02294432028528926,-0.02294432028528926,1045,1050.7517246628931,1111.6505950714043
Ara+6,0.02345128523564548,-0.02345128523564548,1035,1038.7269301072529,1094.1912721307515
Ara+6,0.023969451801813094,-0.023969451801813094,1017,1026.8397472068784,1077.0061612122013
Ara+6,0.024499067488470107,-0.024499067488470107,1000,1015.0886011350595,1060.0909556061902
Ara+6,0.025040385269020304,-0.025040385269020304,985,1003.4719350873902,1043.4414162433252
Ara+6,0.025593663706427242,-0.025593663706427242,970,991.9882100755193,1027.0533706320384
Ara+6,0.026159167076718042,-0.026159167076718042,953,980.6359047232694,1010.9227118129337
Ara+6,0.026737165495216025,-0.026737165495216025,937,969.4135150650797,995.0453973295563
Ara+6,0.02732793504556259,-0.02732793504556259,923,958.3195543467573,979.4174482153196
Ara+6,0.02793175791158987,-0.02793175791158987,909,947.3525528285152,964.0349479963521
Ara+6,0.028548922512107153,-0.028548922512107153,896,936.511057590257,948.8940417099992
Ara+6,0.029179723638665393,-0.029179723638665393,885,925.793632339091,933.9909349387462
Ara+6,0.029824462596365908,-0.029824462596365908,872,915.1988572190502,919.3218928593047
Ara+6,0.030483447347780024,-0.030483447347780024,858,904.7253286229897,904.8832393066461
Ara+6,0.03115699266004896,-0.03115699266004896,848,894.371659006633,890.6713558527234
Ara+6,0.031845420255233715,-0.031845420255233715,839,884.1364767047506,876.6826808996706
Ara+6,0.03254905896398719,-0.03254905896398719,822,874.0184257494367,862.9137087872405
Ara+6,0.033268244882621666,-0.033268244882621666,809,864.0161656904746,849.360988914261
Ara+6,0.03400332153364673,-0.03400332153364673,798,854.1283714177466,836.0211248738927
Ara+6,0.03475464002985443,-0.03475464002985443,783,844.353732985687,822.8907736024634
Ara+6,0.03552255924202998,-0.03552255924202998,769,834.6909554397369,809.9666445416715
Ara+6,0.03630744597036806,-0.03630744597036806,755,825.1387586447853,797.2454988139516
Ara+6,0.037109675119676507,-0.037109675119676507,744,815.6958771155795,784.7241484107878
Ara+6,0.037929629878451554,-0.037929629878451554,734,806.3610598490701,772.3994553937769
Ara+6,0.03876770190190947,-0.03876770190190947,722,797.1330701586747,760.2683311082376
Ara+6,0.03962429149906251,-0.03962429149906251,714,788.0106855104451,748.3277354091745
Ara+6,0.04049980782392839,-0.04049980782392839,704,778.9926973611014,736.574675899395
Ara+6,0.041394669070964674,-0.041394669070964674,698,770.0779109979219,725.0062071795918
Ara+6,0.04230930267482125,-0.04230930267482125,684,761.26514538047,713.6194301102076
Ara+6,0.04324414551450647,-0.04324414551450647,672,752.5532329841267,702.4114910848898
Ara+6,0.04419964412206445,-0.04419964412206445,660,743.9410196454133,691.3795813153552
Ara+6,0.04517625489586328,-0.04517625489586328,655,735.4273644090922,680.5209361274914
Ara+6,0.04617444431859572,-0.04617444431859572,647,727.0111393770055,669.8328342685052
Ara+6,0.047194689180096845,-0.047194689180096845,640,718.6912295586554,659.3125972249625
Ara+6,0.048237476805085,-0.048237476805085,634,710.4665327234862,648.9575885515296
Ara+6,0.04930330528593471,-0.04930330528593471,624,702.3359592548587,638.7652132102646
Ara+6,0.05039268372059277,-0.05039268372059277,618,694.2984320056996,628.7329169202804
Ara+6,0.051506132455751245,-0.051506132455751245,607,686.3528861557985,618.8581855176272
Ara+6,0.052644183335393634,-0.052644183335393634,601,678.498269070737,609.1385443252213
Ara+6,0.053807379954832514,-0.053807379954832514,592,670.7335401624398,599.5715575326756
Ara+6,0.05499627792036037,-0.05499627792036037,584,663.0576707513104,590.1548275858701
Ara+6,0.056211445114637534,-0.056211445114637534,578,655.469643929956,580.8859945861044
Ara+6,0.0574534619679441,-0.0574534619679441,570,647.9684544284634,571.7627356986933
Ara+6,0.058722921735425045,-0.058722921735425045,560,640.5531084812193,562.7827645708464
Ara+6,0.06002043078046128,-0.06002043078046128,555,633.2226236952579,553.9438307586942
Ara+6,0.061346608864302085,-0.061346608864302085,549,625.9760289201107,545.2437191633084
Ara+6,0.0627020894420969,-0.0627020894420969,543,618.8123641191461,536.6802494755835
Ara+6,0.06408751996546806,-0.06408751996546806,539,611.7306802423856,528.251275629838
Ara+6,0.06550356219176914,-0.06550356219176914,532,604.7300391007717,519.954685265992
Ara+6,0.0669508925001765,-0.0669508925001765,531,597.8095132418732,511.788399200197
Ara+6,0.06843020221476491,-0.06843020221476491,524,590.9681858270192,503.75037090377714
Ara+6,0.06994219793472167,-0.06994219793472167,516,584.2051505098331,495.8385859903546
Ara+6,0.071487601871857,-0.071487601871857,510,577.5195113161577,488.0510617110318
Ara+6,0.07306715219557204,-0.07306715219557204,508,570.9103825253593,480.38584645749796
Ara+6,0.0746816033854488,-0.0746816033854488,504,564.376888552982,472.84101927294364
Ara+6,0.07633172659163069,-0.07633172659163069,498,557.9181638347533,465.41468937065684
Ara+6,0.07801831000316634,-0.07801831000316634,494,551.5333527119113,458.10499566017586
Ara+6,0.07974215922449152,-0.07974215922449152,491,545.221609317845,450.9101062808889
Ara+6,0.08150409766022985,-0.08150409766022985,484,538.9820974660357,443.82821814295573
Ara+6,0.08330496690849597,-0.08330496690849597,476,532.8139905392767,436.85755647544266
Ara+6,0.08514562716288879,-0.08514562716288879,471,526.7164713801607,429.9963743815499
Ara+6,0.08702695762336701,-0.08702695762336701,466,520.6887321828253,423.2429524008281
Ara+6,0.08894985691620291,-0.08894985691620291,462,514.72997438593,416.5955980782707
Ara+6,0.09091524352321548,-0.09091524352321548,460,508.8394085668669,410.05264554017066
Ara+6,0.09292405622048769,-0.09292405622048769,456,503.0162543371718,403.612455076642
Ara+6,0.09497725452677712,-0.09497725452677712,455,497.25974023914046,397.2734127306965
Ara+6,0.09707581916183444,-0.09707581916183444,451,491.5691036436254,391.0339298937761
Ara+6,0.09922075251484909,-0.09922075251484909,448,485.94359064900124,384.8924429076341
Ara+6,0.10141307912324497,-0.10141307912324497,441,480.38245598128555,378.847412672473
Ara+6,0.10365384616205542,-0.10365384616205542,440,474.8849628954073,372.89732426123567
Ara+6,0.10594412394411153,-0.10594412394411153,439,469.4503830775986,367.0406865399524
Ara+6,0.10828500643128176,-0.10828500643128176,437,464.07799654891045,361.2760317940533
Ara+6,0.11067761175700826,-0.11067761175700826,432,458.7670915698251,355.60191536054833
Ara+6,0.11312308276038811,-0.11312308276038811,429,453.51696454596924,350.0169152659857
Ara+6,0.11562258753205626,-0.11562258753205626,427,448.3269199348953,344.51963187009295
Ara+6,0.1181773199721289,-0.1181773199721289,423,443.1962701539399,339.10868751502034
Ara+6,0.12078850036047596,-0.12078850036047596,421,438.12433548912895,333.7827261800873
Ara+6,0.12345737593959305,-0.12345737593959305,420,433.1104440051312,328.5404131419557
Ara+6,0.12618522151035305,-0.12618522151035305,419,428.15393145623625,323.3804346401381
Ara+6,0.1289733400409202,-0.1289733400409202,418,423.254141198359,318.30149754776136
Ara+6,0.1318230632891195,-0.1318230632891195,415,418.410424102042,313.30232904749823
Ara+6,0.13473575243855665,-0.13473575243855665,413,413.6221384664605,308.38167631259114
Ara+6,0.13771279874879377,-0.13771279874879377,410,408.8886499344099,303.53830619288595
Ara+6,0.14075562421989132,-0.14075562421989132,410,404.20933140826435,298.7710049057941
Ara+6,0.14386568227163257,-0.14386568227163257,405,399.58356296689743,294.0785777321114
Ara+6,0.14704445843775696,-0.14704445843775696,401,395.01073178355614,289.4598487166124
Ara+6,0.15029347107553154,-0.15029347107553154,395,390.49023204467227,284.91366037334865
Ara+6,0.15361427209100212,-0.15361427209100212,387,386.02146486960214,280.43887339557307
Ara+6,0.15700844768026767,-0.15700844768026767,386,381.6038382312886,276.03436637022367
Ara+6,0.16047761908713512,-0.16047761908713512,380,377.2367668778276,271.6990354968867
Ara+6,0.16402344337751312,-0.16402344337751312,378,372.9196722549322,267.43179431118006
Ara+6,0.16764761423091815,-0.16764761423091815,376,368.65198242928767,263.23157341247475
Ara+6,0.171351862749468,-0.171351862749468,374,364.43313201277823,259.09732019589677
Ara+6,0.1751379582847506,-0.1751379582847506,373,360.2625620875864,255.0279985885375
Ara+6,0.17900770928296364,-0.17900770928296364,366,356.1397201321453,251.0225887898052
Ara+6,0.18296296414872668,-0.18296296414872668,364,352.0640599479413,247.08008701585675
Ara+6,0.1870056121279809,-0.1870056121279809,361,348.0350415871509,243.19950524804187
Ara+6,0.19113758421039548,-0.19113758421039548,358,344.0521312811108,239.37987098529965
Ara+6,0.19536085405171466,-0.19536085405171466,348,340.11480136960085,235.62022700044156
Ara+6,0.19967743891648287,-0.19967743891648287,344,336.22253023094123,231.91963110026452
Ara+6,0.20408940064160117,-0.20408940064160117,341,332.3748022128866,228.27715588943022
Ara+6,0.20859884662117262,-0.20859884662117262,336,328.571107564311,224.69188853805414
Ara+6,0.21320793081310957,-0.21320793081310957,332,324.81094236767746,221.16293055294258
Ara+6,0.21791885476798137,-0.21791885476798137,324,321.0938084722764,217.68939755242553
Ara+6,0.222733868680595,-0.222733868680595,317,317.41921342823184,214.27041904472293
Ara+6,0.22765527246481185,-0.22765527246481185,310,313.78667042126034,210.9051382097943
Ara+6,0.23268541685211144,-0.23268541685211144,307,310.19569820817645,207.59271168461328
Ara+6,0.23782670451443017,-0.23782670451443017,304,306.645821053139,204.33230935181476
Ara+6,0.2430815912118078,-0.2430815912118078,303,303.1365686646239,201.1231141316624
Ara+6,0.24845258696539377,-0.24845258696539377,299,299.6674761331188,197.9643217772814
Ara+6,0.2539422572563694,-0.2539422572563694,293,296.23808386953306,194.85514067311007
Ara+6,0.25955322425136307,-0.25955322425136307,289,292.84793754431,191.79479163651408
Ara+6,0.26528816805493916,-0.26528816805493916,284,289.49658802723604,188.78250772251857
Ara+6,0.27114982798976367,-0.27114982798976367,275,286.1835913279414,185.8175340316063
Ara+6,0.2771410039050538,-0.2771410039050538,269,282.90850853707735,182.89912752053405
Ara+6,0.28326455751393875,-0.28326455751393875,261,279.67090576817145,180.02655681612174
Ara+6,0.2895234137603712,-0.2895234137603712,252,276.47035410014416,177.19910203196386
Ara+6,0.2959205622162395,-0.2959205622162395,245,273.3064295204858,174.41605458802218
Ara+6,0.3024590585093516,-0.3024590585093516,238,270.1787128690817,171.67671703304953
Ara+6,0.30914202578296873,-0.30914202578296873,234,267.08678978268335,168.98040286980427
Ara+6,0.3159726561875908,-0.3159726561875908,228,264.0302506400111,166.32643638300885
Ara+6,0.3229542124057005,-0.3229542124057005,219,261.00869050748867,163.71415247001158
Ara+6,0.33009002921019986,-0.33009002921019986,211,258.02170908559646,161.14289647410615
Ara+6,0.33738351505728004,-0.33738351505728004,203,255.0689106558388,158.61202402047064
Ara+6,0.34483815371448534,-0.34483815371448534,190,252.14990402832032,156.12090085468304
Ara+6,0.3524575059247524,-0.3524575059247524,174,249.2643024899189,153.66890268377173
Ara+6,0.36024521110721436,-0.36024521110721436,157,246.41172375305493,151.255415019764
Ara+6,0.36820498909558774,-0.36820498909558774,143,243.591789905045,148.87983302569054
Ara+6,0.3763406419149669,-0.3763406419149669,129,240.80412735803483,146.54156136400982
Ara+6,0.38465605559788063,-0.38465605559788063,113,238.04836679950725,144.24001404741134
Ara+6,0.393155202040472,-0.393155202040472,106,235.32414314335463,141.97461429196352
Ara+6,0.40184214089969494,-0.40184214089969494,94,232.6310954815114,139.7447943725681
Ara+6,0.41072102153242657,-0.41072102153242657,81,229.96886703614157,137.54999548068332
Ara+6,0.41979608497742815,-0.41979608497742815,70,227.33710511237206,135.38966758428316
Ara+6,0.42907166598109675,-0.42907166598109675,60,224.7354610515664,133.26326929001524
Ara+6,0.4385521950679761,-0.4385521950679761,52,222.1635901851358,131.17026770752423
Ara+6,0.4482422006570192,-0.4482422006570192,41,219.62115178887524,129.11013831590506
Ara+6,0.45814631122460653,-0.45814631122460653,32,217.10780903782546,127.0823648322549
Ara+6,0.4682692575153617,-0.4682692575153617,29,214.62322896164943,125.08643908228866
Ara+6,0.47861587480181145,-0.47861587480181145,19,212.1670824005194,123.1218608729875
Ara+6,0.4891911051939782,-0.4891911051939782,12,209.73904396151084,121.18813786724607
Ara+6,0.5,-0.5,11,207.33879197549317,119.28478546049034
